name,born_if_known,age_at_enlistment,side,service_branch,regiment_state,regiment_and_company,rank_in,rank_out,rank_in_out_raw,status_after_war,newspaper_references,ancestry_fold3_links,archival_information,important_notes
Pedro Acow (Accao),"Canton, China",,Union,Army,"New Orleans, Louisiana","2nd Regiment, Louisiana Infantry, K",Private,Private,Private/Private,Deserted,Yes?,https://www.fold3.com/memorial/659640300/pedro-acow-civil-war-stories https://www.ancestrylibrary.com/search/collections/1138/records/4102804?tid=&pid=&queryId=5d779985-04f8-4a06-89cc-3a35acb54af1&_phsrc=Xxd7&_phstart=successSource,"M387 roll 1, National Archives; https://www.familysearch.org/en/search/film/008272074?cat=499025&i=0; https://catalog.archives.gov/search-within/300398?q=Pedro%20acow","Enlisted September 29 1862
"
John Ahsoo,China,22,Union,Army,New York,"90th Infantry; 133rd Infantry, Company B",Private,Private,Private/Private,Survived,,https://www.fold3.com/memorial/663521768/john-ahsoo-civil-war-stories,https://catalog.archives.gov/search?page=1&q=John%20ahsoo,Joined the regiment as a substitute at Cedar Creek in Feb 1864
John Ahusoo,China,,Union,Army,New York,"102nd Infantry; 134th Infantry, Company G",Private,Private,Private/Private,Survived,,https://www.fold3.com/search?docQuery=(keywords:John+ahusoo); https://www.ancestrylibrary.com/search/categories/39/?name=John_Ahusoo&keyword=civil+war,https://catalog.archives.gov/id/32835469,
John Ahwoo *might be #3 OR John Awoo,,,,Army,,,,,,,,,,
John Ashwoo* might be #3 Or John Awoo,,,,Army,,,,,,,,,,
John Bobson,China,28,Union,Army,New York,"90th Infantry, Company B ; 133rd Regiment, Infantry",Private,Private,Private/ private,Survived,,https://www.ancestrylibrary.com/search/collections/1555/records/2460017?tid=&pid=&queryId=45701b49-60d2-4232-9869-32bd8fdc2ad8&_phsrc=XlF30&_phstart=successSource&_gl=1*17p4jz*_up*MQ..*_ga*MjAxNDUwMjcxMC4xNzY3ODkzNzQ2*_ga_4QT8FMEX30*czg5MDU0MTAzLTNkYTgtNDNkYi04ZjRiLTFlNGQ4MjFlYjhiMiRvMSRnMSR0MTc2Nzg5Mzc0NSRqNjAkbDAkaDA.*_ga_LMK6K2LSJH*czg5MDU0MTAzLTNkYTgtNDNkYi04ZjRiLTFlNGQ4MjFlYjhiMiRvMSRnMCR0MTc2Nzg5Mzc0NSRqNjAkbDAkaDA. ; ; https://www.fold3.com/memorial/659904410/john-bobson-civil-war-stories,https://catalog.archives.gov/id/182825024; https://catalog.archives.gov/id/182825026,"Muster 2 Date: 31 May 1865; Muster 2 Place: New York; Muster 2 Unit: 1597; Muster 2 Company: B; Muster 2 Regiment: 90th Infantry; Muster 2 Regiment Type: Infantry; Muster 2 Information: Transferred; Muster Out 2 Date: 18 Oct 1865; Muster Out 2 Place: Savannah, Georgia; Muster Out 2 Information: Mustered Out; Enlisted as a substitute in Jamaica, 0ct 3, 1864; Military age: 28"
Joseph Bulah,China,,Union,Army,Pennsylvania,"28th Volunteer infantry, company C",Private,Private,Private/ private,"Survived, was arrested",Unsure. need to keep looking,https://www.fold3.com/memorial/662625665/joseph-bulah-civil-war-storiescc; https://www.ancestrylibrary.com/search/collections/1555/records/1127414?tid=&pid=&queryId=47b9ec70-c5e5-4f0c-a5d7-d5871f761628&_phsrc=XlF54&_phstart=successSource&_gl=1*1qto8jn*_up*MQ..*_ga*MTQ5NDg4NDI3Ni4xNzY3ODk0MjU4*_ga_4QT8FMEX30*czg5MDU0MTAzLTNkYTgtNDNkYi04ZjRiLTFlNGQ4MjFlYjhiMiRvMSRnMSR0MTc2Nzg5NDI1OCRqNjAkbDAkaDA.*_ga_LMK6K2LSJH*czg5MDU0MTAzLTNkYTgtNDNkYi04ZjRiLTFlNGQ4MjFlYjhiMiRvMSRnMCR0MTc2Nzg5NDI1OCRqNjAkbDAkaDA.,https://catalog.archives.gov/id/148021590?objectPage=11,"Enlisted Sept 17 1863, arrested Sept 23 1863. Held in D.C. for remainder of war. Never settled debts."
Ah Pon Chon (Chon Ah Pon),"China, abt 1827",,Union,Army,New York,New York Volunteer Regiment,Private,Private,Private/ private,Survived,,https://www.fold3.com/memorial/662254019/abraham-cohn-civil-war-stories; https://www.ancestrylibrary.com/search/collections/1138/records/1264619?tid=&pid=&queryId=aa3ed0e7-3929-40de-9f15-6f86aafa25fe&_phsrc=XlF63&_phstart=successSource&_gl=1*1sbscvs*_up*MQ..*_ga*MTg0MDQwMDk4My4xNzY3ODk2MTQ0*_ga_4QT8FMEX30*czg5MDU0MTAzLTNkYTgtNDNkYi04ZjRiLTFlNGQ4MjFlYjhiMiRvMSRnMCR0MTc2Nzg5NjE0MyRqNjAkbDAkaDA.*_ga_LMK6K2LSJH*czg5MDU0MTAzLTNkYTgtNDNkYi04ZjRiLTFlNGQ4MjFlYjhiMiRvMSRnMCR0MTc2Nzg5NjE0MyRqNjAkbDAkaDA.,https://catalog.archives.gov/id/161267750?objectPage=6; https://catalog.archives.gov/id/161267746,"Charles Ponn/ Poun, Charley Marry
Died July 1, 1888 at 61 years old in Brooklyn, NY
Allegedly came to the United States at 6 years old in 1833
Opened a candy store"
Edward Day Cohota,"Shanghai, China",18,Union,Army,Massachusetts,"23rd Massachusetts Infantry, Company I",,,,Survived,,,,"Enlisted Februrary 1864 for 16 months. Died 1935 in Parmelee, South Dakota. Buried in Valentine, Nebraska at Mount Hope Cemetery."
Antonio Dardell(e),"China, January 1 1844 or August 23; Clear struggle to prove date of birth",18,,Army,Connecticut,"27th Regiment, Infantry Company A",Private,Private,Private/Private,Survived,"https://access-newspaperarchive-com.ezproxy.lib.vt.edu/us/massachusetts/boston/boston-daily-globe/1892/09-21/page-22; https://access-newspaperarchive-com.ezproxy.lib.vt.edu/us/washington-dc/washington/washington-national-tribune/1890/10-30/page-4 (""genuine Chinaman""); https://access-newspaperarchive-com.ezproxy.lib.vt.edu/us/utah/salt-lake-city/salt-lake-city-telegram/1933/01-20/page-5 (death announcement)
https://www.fold3.com/image/10935333",,https://catalog.archives.gov/id/146919982?objectPage=35,"Enlisted for 9 months Oct 3. 1862, Discharged July 27, 1863. Nov and Dec 1862 was sick at general hospital until June1863. Wounded at Marye's Heights in Fredericksburg (December 1862)  Jan 27/63 transferred to New Haven; Pension (approved) record also available: Filed April 13, 1916. Address listed as 292 George St.; Married to Mary ? Payne, then Mary Dardell April 9th, 1868. Has three children (names illegible); Jan 31-1933.  died Jan 18th 1933. Flag used for burial; http://query.nytimes.com/mem/archive-free/pdf?res=FA0D11F63855157A93C5A81788D85F468884F9 (naturalization information); https://books.google.com/books?id=uCpKAAAAMAAJ&q=%22Antonio+Dardell%22&dq=%22Antonio+Dardell%22&hl=en&sa=X&ei=JB4iU8O2BMSzkAesmYHADg&ved=0CEoQ6AEwBA; https://bluegraychinese.blogspot.com/2014/03/antonio-dardelle.html"
Ab(e) Dola,China 26 at enlistment,26,,Army,,31st US Colored Infantry. Company C,Private,Private,Private/Private,"Survived, deserted",,,https://catalog.archives.gov/id/46275425?objectPage=15,"Enlisted January 22, 1864. Deserted July 3 '65. Part of the African American Civil War Memorial. B-47"
Tsz-Zeh Dzau,,,,Army,,,,,,,,,,
"Adam Fow (Foy, Fou)","Canton, China 22 at Enlistment",22,Union,Army,Louisiana,"2nd regiment, Louisiana infantry company k",,,,,,,https://catalog.archives.gov/id/42081758; https://catalog.archives.gov/id/42119481,"Enlisted September 23 1862. Absent without leave Since July 4, 1864.. Dropped as deserter Oct, 1 1864"
Christopher Wren Bunker,"North Carolina,  1845, Taiwanese",20,Confederate,Army,Virginia,"37th Battalion, Virginia Cavalry, Company I",Private,,,Survived as Prisoner of War,,,,"Enlisted April 1, 1863, Son to Chang ""Siamese Twin"" who owned and enslaved 18 people
https://www.battlefields.org/learn/biographies/christopher-wren-bunker
https://bluegraychinese.blogspot.com/search/label/Christopher%20Wren%20Bunker
Imprisoned at Camp Chase near Columbus, Ohio until March 4, 1865
April 17, 1865 Returned to family's plantation
Died April 2, 1932"
John Francis,,,,,,,,,,,,,,
John Fouenty,"Hong Kong, China",,Confederate,Army,Georgia,,,,,,,,,https://bluegraychinese.blogspot.com/2014/03/john-fouenty.html
Henry C. Fung/ Young,China,18,Union,Army,Pennsylvania,"187th Infantry, Company B",Private,Private,,,,"
https://www.fold3.com/memorial/658258361/henry-c-young-civil-war-stories
https://www.fold3.com/image/293538531/fung-henry-c-page-1-us-civil-war-service-index-cmsr-union-pennsylvania-1861-1865
https://www.ancestry.com/search/collections/1555/records/856818?o_xid=115786&o_lid=115786&o_sch=Fold3&_gl=1*17n7l6u*_gcl_au*MzkxNDA5NTkuMTc3MzUwNjE1MQ..*_ga*MTQ2ODMzNDIzNC4xNzY1Mzk5MTUy*_ga_4QT8FMEX30*czE3NzQ5ODgyOTIkbzIzJGcxJHQxNzc0OTg4NzI0JGoyOSRsMCRoMA..",,"Enlisted March 22 1864 at York, Pennsylvania. Mustered out Aug 3rd 1865
Battalion history: Jerusalem Plank Road, June 21 1864- June 24 1864; Second Petersburg, June 15 1864- June 18 1864"
"Neok Woo Hong ( Neok Ung Hong, Hong Neok Woo)","Shanghai, China",,Union,Army,Pennsylvania,"50th Pennsylvania Infantry, Company I.",,,,Survived,,https://www.ancestrylibrary.com/search/collections/1555/records/3149923?tid=&pid=&queryId=f09bd5a4-d8bc-44b0-a00c-f87714067728&_phsrc=XlF137&_phstart=successSource&_gl=1*1ugyxtc*_up*MQ..*_ga*MTQ1NDc4NDUzMy4xNzY3OTAyMjgw*_ga_4QT8FMEX30*czg5MDU0MTAzLTNkYTgtNDNkYi04ZjRiLTFlNGQ4MjFlYjhiMiRvMSRnMCR0MTc2NzkwMjI4MCRqNjAkbDAkaDA.*_ga_LMK6K2LSJH*czg5MDU0MTAzLTNkYTgtNDNkYi04ZjRiLTFlNGQ4MjFlYjhiMiRvMSRnMCR0MTc2NzkwMjI4MCRqNjAkbDAkaDA.; https://www.fold3.com/memorial/660744203/neok-ung-hong-civil-war-stories,,"Served three months in Harrisburg and Chambersburg, then was discharged. A missionary arranged him to go from Shanghai, China at 16 years old to go on board the American frigate Susquehanna, as a servant to the ship's doctor, to Pennsylvania. After the war, he returned home to China and served as an Episcopalian priest."
John Hussey,,,,Army,,,,,,,,,,
James Johnson,"China, 1837",27,Union,Army,New York,"18th Regiment, New York Cavalry, Company M",Private,Private,,Deserted,,https://www.fold3.com/memorial/659602415/james-johnson-civil-war-stories,,"Enlisted Feb 1st 1864; mustered out July 22 1864 at Thibodeaux, Louisiana. Occupation: sailor"
John Kim,China,,Union,Army,Pennsylvania,"61st Pennsylvania Infantry, Company G.",Private,Private,Private/Private,Survived,,,,Enlisted October 1864; mustered out on June 1865.
Ling. Kubser,"China, 1843",19-22,Union,Army,New York,"64th New York Infantry Regiment, Company F",,,,Survived,,,,"Died January 23, 1905, Hampton, Virginia at 62 years old
Three thousand veterans attended his funeral
https://bluegraychinese.blogspot.com/2014/04/ling-kubser.html"
William Henry Kwan (kean),,,Confederate,Army,Virginia,"12th Virginia Battalion of Light Artillery, Company B.",,,,,,,,https://bluegraychinese.blogspot.com/2014/04/william-h-kwan-kevan.html
James Labord,,,,Army,,,,,,,,,,
John Lee,China,,Union,Army,Connecticut,14th Connecticut regiment,,,,Killed in Action,,,,Fought in Gettysburg and was killed
Juan Lodigo(e),"Born 1826, Nanking, China",38,Union,Army,"New Haven, Connecticut",31st regiment U.S. Colored Infantry Company K,Private,Deserted,Private/ Deserted,"Deserted from White Ranch July 10, 1865",,https://www.ancestrylibrary.com/search/collections/1107/records/173928?tid=&pid=&queryId=fdb8960e-bf23-4940-88f6-d4b948039dc2&_phsrc=aAn1&_phstart=successSource&_gl=1*1sf83t9*_up*MQ..*_ga*NzAwNDc0MTkwLjE3NjgxNzMzOTE.*_ga_LMK6K2LSJH*czJhODMzMjYxLTBkM2UtNDI3Yy1iYzU5LTc0YmY2ZWE5ZjNiMCRvMSRnMCR0MTc2ODE3MzM5MCRqNjAkbDAkaDA.*_ga_4QT8FMEX30*czJhODMzMjYxLTBkM2UtNDI3Yy1iYzU5LTc0YmY2ZWE5ZjNiMCRvMSRnMCR0MTc2ODE3MzM5MCRqNjAkbDAkaDA.; ; https://www.ancestrylibrary.com/search/collections/1107/records/175974?tid=&pid=&queryId=35153bb0-d308-4cd0-9946-6873666f4fae&_phsrc=aAn2&_phstart=successSource,https://catalog.archives.gov/id/46284627?objectPage=9,"Enlisted Dec 3rd 1864. He is noted as being part of the African American Civil War Memorial, B-47. ""Substitute for Edward M Pretts."" Deserted from camp at White Ranch, TX. Owed money to the government.. ""Due U.S. 24.46 for extra issues"""
"William McCloclan; (McClaclan, McCloclau, McLaughin); Chinese Name, Tung Ting","Born about 1841, China",,Union,Army,New York City,"119th Infantry, Company I",Private,Deserted,Private/ Deserted,"Deserted from a camp in Georgia, Sept 1864",,https://www.ancestrylibrary.com/search/collections/1555/records/563013?_gl=1*1c1zi35*_up*MQ..*_ga*ODI1NjQ3MzYxLjE3NjgxNzQ1MDA.*_ga_4QT8FMEX30*czJhODMzMjYxLTBkM2UtNDI3Yy1iYzU5LTc0YmY2ZWE5ZjNiMCRvMSRnMCR0MTc2ODE3NDUwMCRqNjAkbDAkaDA.*_ga_LMK6K2LSJH*czJhODMzMjYxLTBkM2UtNDI3Yy1iYzU5LTc0YmY2ZWE5ZjNiMCRvMSRnMCR0MTc2ODE3NDUwMCRqNjAkbDAkaDA.; ; https://www.ancestrylibrary.com/search/collections/1965/records/615868?tid=&pid=&queryId=df4d2630-7696-4cb1-9409-58897a00734b&_phsrc=aAn7&_phstart=successSource,https://catalog.archives.gov/id/90802103?objectPage=8,"Two enlistment dates, August 21 and Sept 5 1862. Two discharge dates, May 28th and september 29th 1864. HOLY SHIT- Disapproved Pension File. Apparently he went under two names for both the navy and the infantry. HIS STATEMENT EXISTS-- Spend time here!"
A. Moor,"China, 1842",23,Union,Army,"Providence, Rhode Island",7th U.S. Colored Infantry,Private,,,,,https://www.fold3.com/memorial/661752387/a-moore-civil-war-stories,,"Enlisted Jan 8 1865. Race: ""Mulatto"""
John Phillips,"China, 1841",22,Union,Army,"Brooklyn, New York","173rd Infantry, Company B",Private,Private,,Survived as Prisoner of War,,"https://www.fold3.com/memorial/659812129/john-phillips-civil-war-stories https://www.ancestry.com/search/collections/1138/records/712641?o_xid=115786&o_lid=115786&o_sch=Fold3&_gl=1*1cij7fo*_gcl_au*MzkxNDA5NTkuMTc3MzUwNjE1MQ..*_ga*MTQ2ODMzNDIzNC4xNzY1Mzk5MTUy*_ga_4QT8FMEX30*czE3NzQ5ODgyOTIkbzIzJGcxJHQxNzc0OTkxNDg5JGozMyRsMCRoMA..
https://www.ancestry.com/search/collections/1964/records/59489?o_xid=115786&o_lid=115786&o_sch=Fold3&_gl=1*rhd98*_gcl_au*MzkxNDA5NTkuMTc3MzUwNjE1MQ..*_ga*MTQ2ODMzNDIzNC4xNzY1Mzk5MTUy*_ga_4QT8FMEX30*czE3NzQ5ODgyOTIkbzIzJGcxJHQxNzc0OTkxNDgxJGo0MSRsMCRoMA..
https://www.ancestry.com/search/collections/1555/records/4249869?o_xid=115786&o_lid=115786&o_sch=Fold3&_gl=1*1n3j6jj*_gcl_au*MzkxNDA5NTkuMTc3MzUwNjE1MQ..*_ga*MTQ2ODMzNDIzNC4xNzY1Mzk5MTUy*_ga_4QT8FMEX30*czE3NzQ5ODgyOTIkbzIzJGcxJHQxNzc0OTkxNDcxJGo1MSRsMCRoMA..",,"Enlisted Dec 30 1863. Imprisoned April 23 1864 at Cane River Crossing, Louisiana. Mustered out July 10 1864. Paroled May 27 1865"
Joseph Pierce,"Guangzhou, China, 1843",19,Union,Army,Connecticut,"14th Connecticut regiment, company F",Private,Corporal,,Survived ,,https://www.fold3.com/memorial/630807574/joseph-pierce https://www.findagrave.com/memorial/12918691/joseph-pierce/photo,,"Enlisted July 26, 1862
Fought in Battle of Antietam, and Battle of Gettysburg
Worked as an engraver for the Meriden Britannia Company in Meriden, 1868
Married Martha Morgan Nov 12. 1876, and had four children
Attended the 14th Connecticut Regiment Reunion in 1890 at Mystic Island, Connecticut
Died Jan 3, 1916 at 73
Extensive history written about him! https://www.amazon.com/Worthy-Brave-Capable-Joseph-Pierce/dp/1646145577
https://acwm.org/blog/i-see-my-father-in-his-image-asian-legacies-and-the-civil-war/"
Thomas Sylvanus (Aw Yee Way),"Hong Kong, 1845",19,Union,Army,Philadelphia,"81st Pennsylvania Volunteer Infantry, Company D
51st Regiment Company D
42nd New York Volunteer Infantry",Private,Private,,Survived,,https://www.fold3.com/image/712417440/sylvanus-thomas-page-1-us-pennsylvania-veterans-card-files-1775-1916,,"Enlisted September 24 1861 
The Seven Days, Richmond, the Wilderness, Spotsylvania, and Cold Harbor. Wounded at Cold Harbor, he was captured and imprisoned in Andersonville Prison.
Went to Indiana in 1870
Died in Indiana in June 15, 1891
Ruthannne Lum McCunn Chinese Yankee: A True Story from the Civil War (2014)
https://ch-anpress.com/section/514772-The%20Thomas%20Project.html
https://www.mccunn.com/CY-QandA.html"
"John Tomney (Tommy, Tommey, Tonney, and Taminy)",China,18,Union,Army,New York,"70th New York Infantry, Company D.",Private,Corporal,Private/ Corporal,Killed in Action,,https://www.findagrave.com/memorial/200356388/john-tomney https://www.fold3.com/memorial/658725354/john-tomney-civil-war-stories https://www.ancestry.com/search/collections/1555/records/743026?o_xid=115786&o_lid=115786&o_sch=Fold3&_gl=1*rzs6hh*_gcl_au*MzkxNDA5NTkuMTc3MzUwNjE1MQ..*_ga*MTQ2ODMzNDIzNC4xNzY1Mzk5MTUy*_ga_4QT8FMEX30*czE3NzQ5OTcyMTMkbzI0JGcxJHQxNzc1MDAwMjU0JGo0NCRsMCRoMA..,,"Enlisted May 15 1861 in New York City
Muster June 21 1861 in New York
Captured March 1862 in Prince William Counties; paroled in May 1862 at Newport News; captured again at Manassas in August 1862; re-joined his regiment in Dec 1862; promoted to corporal on Feb 8 1863; bled to death after Gettysburg. July 2 1863. "
Alfred Wong (Might be Alfred W Wingo), ,,Confederate,Army,Virginia,"Virginia 2nd Artillery, Battery K",Private,Private,,,,,,Enlisted 1862
Tannroi Acoaw (Tannror Acoan),,23,Union,Navy,,U.S.S. Pinola,Officer's Cook,,,,,,,Enlisted August 1862
John Afoo,China (Swarthy complexion?); born 1821,44,Union,Navy,New York,"U.S.S. Harvest Moon, U.S.S. Wyandank",Landsman,Landsman,,,,,,"Enlisted March 1862, March 1863: U.S.S. Wyandank"
John Afoo,"China, 1820",44,Union,Navy,"Washington, D.C",,Landsman,Landsman,,,,https://www.ancestrylibrary.com/search/collections/60368/records/236?tid=&pid=&queryId=4f91fd6b-4297-4986-84ef-9a059029f814&usePUBJs=true&_gl=1*dv34r3*_up*MQ..*_ga*NTc5MTA0NzQxLjE3NzQ5ODkyODI.*_ga_4QT8FMEX30*czE3NzUwMDA3ODIkbzMkZzEkdDE3NzUwMDExNDkkajQ1JGwwJGgw*_ga_LMK6K2LSJH*czk2ZWQxNTljLWY4OTItNDMyZi05YTY3LWRjYWI0M2Y3MmEyYiRvMSRnMCR0MTc3NDk4OTI4MiRqNjAkbDAkaDA. https://www.fold3.com/sub-image/268517219/afoo-john-us-naval-enlistment-weekly-returns-1855-1891,,"Enlisted March 31, 1864"
Ah Chee,China,21,Union,Navy,,U.S.S. Comanche,Wardroom Steward,,,,,"https://www.fold3.com/sub-image/268689655/ah-chee-us-naval-enlistment-weekly-returns-1855-1891 
https://www.fold3.com/sub-image/35310119/ah-chee-us-census-federal-1860?view=info
https://www.fold3.com/image/309912429/chee-ah-page-1-us-rendezvous-reports-index-civil-war-1861-1865",,"Enlisted March 8 1865
Discharged March 7 1866
Likely fought in the Mexican-American War 
After the war:
Enlisted in New York, Nov 21 1884. ""Mongolian"""
Ah Poa,China,40,Union,Navy,,U.S.S. Comanche,Waiter,,,,,,,Enlisted March 1865
John Ah Shoen (Shen) (Shon) (shun),"Macao, China",25,Union,Navy,,U.S.S. Pursuit,Officer's Cook,,Landsman and Cook,,,https://www.fold3.com/image/49970522/ah-shoen-john-page-1-us-navy-survivors-certificates-1861-1910,,"Enlisted: December 8th, 1861. U.S.S. Pursuit. Honorably discharged at St. Joseph's Bay January 1865. Filed for pension July 6, 1891.; Residence: 20 Mott St, New York, NY; failure to claim pension April 1898; Disabled by: ""Phithis pulmonalis, rheumatism, injury of left clavicle""; Came to the U.S. in 1859"
Ah Sin,China,22,Union,Navy,,U.S.S. Narragansett,Landsman,Landsman,,,,,,Enlisted Dec. 1863
Ah Soo,China,22,Union,Navy,,U.S.S. Monongahela,Landsman,Landsman,,,,,,Enlisted Sept 1863
Ah wo,China,21,Union,Navy,,U.S.S. Monongahela,Landsman,Landsman,,,,,,Enlisted Sept 1863
Ah Wong (Could be Ah Hong),China,17,Union,Navy,,U.S.S. Comanche,Landsman,Landsman,,,,,,Enlisted March 1865
John Ahoy,"China, 1834",28,Union,Navy,New York,Navy,Landsman,,Landsman,,,https://www.ancestrylibrary.com/search/collections/60368/records/216857?tid=&pid=&queryId=f0e09827-7bea-4e6f-b0bb-bf342113ceaa&_phsrc=mSG19&_phstart=successSource&_gl=1*1t131wb*_up*MQ..*_ga*NjQyNjY3NDcyLjE3NzM3OTQxMzg.*_ga_4QT8FMEX30*czk2ZWQxNTljLWY4OTItNDMyZi05YTY3LWRjYWI0M2Y3MmEyYiRvMSRnMCR0MTc3Mzc5NDEzOCRqNjAkbDAkaDA.*_ga_LMK6K2LSJH*czk2ZWQxNTljLWY4OTItNDMyZi05YTY3LWRjYWI0M2Y3MmEyYiRvMSRnMCR0MTc3Mzc5NDEzOCRqNjAkbDAkaDA.; https://www.fold3.com/image/310026955/ahoy-john-page-1-us-rendezvous-reports-index-civil-war-1861-1865; https://www.fold3.com/memorial/664303533/ahoy-john,,"Enlisted March 3, 1862 (Same day as John Afoo); Complexion: ""Swarthy""; Relief, R.S. Boston, 2/20/64- Harvest Moon, Philadelphia, Discharged March 7, 1865 R. S. Phil"
Thomas Ahoy,"Macao, China, 1836",24,Union,Navy,Philadelphia,Navy,Landsman,,Landsman,,,https://www.ancestrylibrary.com/search/collections/60368/records/75386?tid=&pid=&queryId=3c473af6-f9ea-446a-9f75-803a297f60d9&_phsrc=mSG16&_phstart=successSource,,"Enlisted Nov 9th, 1860 for three years.; Occupation: ""Cook""; Complexion: ""Tawny"""
John Akee,"China, 1844",20,Union,Navy,New York,Navy,Landsman,,Landsman,,,https://www.ancestrylibrary.com/search/collections/60368/records/230446?tid=&pid=&queryId=26300e22-0bd3-4c76-a59c-b9cad9b2f280&_phsrc=mSG13&_phstart=successSource&_gl=1*uy3h1b*_up*MQ..*_ga*NDQ5Mjg3MzYuMTc3Mzc5MzM4MQ..*_ga_LMK6K2LSJH*czk2ZWQxNTljLWY4OTItNDMyZi05YTY3LWRjYWI0M2Y3MmEyYiRvMSRnMCR0MTc3Mzc5MzM4MSRqNjAkbDAkaDA.*_ga_4QT8FMEX30*czk2ZWQxNTljLWY4OTItNDMyZi05YTY3LWRjYWI0M2Y3MmEyYiRvMSRnMSR0MTc3Mzc5MzM4NiRqNTUkbDAkaDA.; https://www.fold3.com/image/310027510/akee-john-page-1-us-rendezvous-reports-index-civil-war-1861-1865; https://www.fold3.com/memorial/664303565/akee-john; https://www.fold3.com/sub-image/268465771/akee-john-us-naval-enlistment-weekly-returns-1855-1891,,"Enlisted May 24th, 1864.; Residence: New York, Third District, Brooklyn; Occupation: Steward; ""Scars under left arm and over left eyebrow (dark spot on belly""; 7-2-64: Tallapoosa Pursuit D. May 27.; 1865 R.S.N.Y. late Tallapoosa"
"John Ali, John Aie",China,22,Union,Navy,,U.S.S. Tallapoosa,Officer's Cook,,,,,,,Enlisted May 1864.
John Arnang (Arnung),"China, 1841-1842",22,Union,Navy,New York,U.S.S. Wyandank,Landsman,,Landsman,,,https://www.fold3.com/sub-image/268703256/arnang-john-us-naval-enlistment-weekly-returns-1855-1891?view=info; https://www.ancestrylibrary.com/search/collections/60368/records/62160?tid=&pid=&queryId=addb83c4-7489-4ead-9092-bcdf2138c2e7&_phsrc=mSG3&_phstart=successSource&_gl=1*mhdaat*_up*MQ..*_ga*NTI5OTA4MjM3LjE3NzM3OTMxNjc.*_ga_4QT8FMEX30*czk2ZWQxNTljLWY4OTItNDMyZi05YTY3LWRjYWI0M2Y3MmEyYiRvMSRnMCR0MTc3Mzc5MzE2NyRqNjAkbDAkaDA.*_ga_LMK6K2LSJH*czk2ZWQxNTljLWY4OTItNDMyZi05YTY3LWRjYWI0M2Y3MmEyYiRvMSRnMCR0MTc3Mzc5MzE2NyRqNjAkbDAkaDA.; ; https://www.fold3.com/memorial/664303633/arnang-john,,"Enlisted August 22, 1864; Residence: New York, 27th District, Wheeler; Occupation: Cook; ""Scar right shoulderblade and left forearm"""
John Ase,"China, 1839",25,Union,Navy,New York,Navy,Landsman,,Landsman,,,https://www.ancestrylibrary.com/search/collections/60368/records/220862?tid=&pid=&queryId=9265cb75-9253-490d-a0a4-708ef26be43e&usePUBJs=true&_gl=1*1pekhry*_up*MQ..*_ga*MTA4NDI2NDg2My4xNzczNzA5Nzk5*_ga_4QT8FMEX30*czE3NzM3OTAzNDUkbzQkZzEkdDE3NzM3OTExMzgkajExJGwwJGgw*_ga_LMK6K2LSJH*czk2ZWQxNTljLWY4OTItNDMyZi05YTY3LWRjYWI0M2Y3MmEyYiRvMSRnMCR0MTc3MzcwOTc5OSRqNjAkbDAkaDA.; https://www.fold3.com/image/310057639/ase-john-page-1-us-rendezvous-reports-index-civil-war-1861-1865,,"Enlisted July 25, 1864.; Residence: New Jersey, Third District; Occupation: Cook; ""Scar right (?); tattooed both forearms""; 8-20-64: NA Squad-Minn-Mercedita; 2-11-65 Potomac; Fle. Rescue MR-65"
John Asian,China,20,Union,Navy,,Relief,First class boy,,,,,,,Enlisted May 1865
John Assough,"China, 1832",32,Union,Navy,New York,"U.S.S. Squadron, U.S.S. Minn, U.S.S Crusader",Landsman,,Landsman,,,"https://www.fold3.com/image/310059754/assough-john-page-1-us-rendezvous-reports-index-civil-war-1861-1865; https://www.ancestrylibrary.com/search/collections/60368/records/102113?tid=&pid=&queryId=a438e603-e145-48ee-b8fc-c5b7b0cae7c3&usePUBJs=true&_gl=1*hwog3x*_up*MQ..*_ga*MTA4NDI2NDg2My4xNzczNzA5Nzk5*_ga_4QT8FMEX30*czE3NzM3OTAzNDUkbzQkZzEkdDE3NzM3OTExMzgkajExJGwwJGgw*_ga_LMK6K2LSJH*czk2ZWQxNTljLWY4OTItNDMyZi05YTY3LWRjYWI0M2Y3MmEyYiRvMSRnMCR0MTc3MzcwOTc5OSRqNjAkbDAkaDA.
",,"Enlisted June 25, 1864. ""Scar Belly and left thigh""; 8-6-64: N. A. Squadron-Minn-Crusader; 6-30-65: Navy Yard- Washington, R; Aud. '99"
A-Ti,,,,Navy,,,,,,,,,,
John Ching Ching,"Hong Kong, China",25,Union,Navy,New Orleans,U.S.S. Resolute,,,,,,,,w
John Ching Chong,China,27,Union,Navy,,U.S.S. Itasca,,,,,,,,1863 muster roll
John Comfort,China,19,Union,Navy,,Navy,Landsman,,Landsman,Survived,,https://www.ancestrylibrary.com/search/collections/62282/records/4366984706?_gl=1*9j8ata*_up*MQ..*_ga*Mjk3MjQ2MTY1LjE3NzM3OTA2NDU.*_ga_4QT8FMEX30*czk2ZWQxNTljLWY4OTItNDMyZi05YTY3LWRjYWI0M2Y3MmEyYiRvMSRnMSR0MTc3Mzc5MDY0NSRqNjAkbDAkaDA.*_ga_LMK6K2LSJH*czk2ZWQxNTljLWY4OTItNDMyZi05YTY3LWRjYWI0M2Y3MmEyYiRvMSRnMCR0MTc3Mzc5MDY0NSRqNjAkbDAkaDA.; https://www.ancestrylibrary.com/search/collections/60368/records/181063?tid=&pid=&queryId=d78fac96-caa5-4f21-80c1-2d956efacefb&usePUBJs=true&_gl=1*h0oxqa*_up*MQ..*_ga*MTA4NDI2NDg2My4xNzczNzA5Nzk5*_ga_4QT8FMEX30*czE3NzM3OTAzNDUkbzQkZzEkdDE3NzM3OTAzNTUkajUwJGwwJGgw*_ga_LMK6K2LSJH*czk2ZWQxNTljLWY4OTItNDMyZi05YTY3LWRjYWI0M2Y3MmEyYiRvMSRnMCR0MTc3MzcwOTc5OSRqNjAkbDAkaDA.,,"Married Au Kung Ling in Hong Kong in 1878, died April 6, 1907. ; U.S.S North Carolina, Seneca, and Constellation. Had one daughter Tai Kau, July 27 1899.; Complexion: ""Copper""; Occupation priot to enlisting: ""Steward""; Possible scar on right temple.; Enlisted September 27, 1864. Discharged October 1866."
Joseph Cross,,,,Navy,,,,,,,,,,
"Joseph Daily, Dailey","China, 1840",24,Union,Navy,New York,U.S.S. Mohican,Landsman,,Landsman,,,,https://www.ancestrylibrary.com/search/collections/60368/records/210036?tid=&pid=&queryId=81e3ae06-c63b-4e6b-aa32-026993e8627e&usePUBJs=true&_gl=1*1ydmqdm*_up*MQ..*_ga*MTA4NDI2NDg2My4xNzczNzA5Nzk5*_ga_4QT8FMEX30*czE3NzM3ODE5MDQkbzMkZzEkdDE3NzM3ODIxMDUkajUzJGwwJGgw*_ga_LMK6K2LSJH*czk2ZWQxNTljLWY4OTItNDMyZi05YTY3LWRjYWI0M2Y3MmEyYiRvMSRnMCR0MTc3MzcwOTc5OSRqNjAkbDAkaDA.,"""Swarthy Complexion"". Enlisted: August 20th, 1864"
John Dixey,China,14,Union,Navy,,Relief,First class boy,,,,,,,Enlisted July 1865
John R. Foote,"China, 1831",32,Union,Navy,New York,Navy,Landsman,,Landsman,,,https://www.ancestrylibrary.com/search/collections/60368/records/13764?tid=&pid=&queryId=034d4dfa-9269-4898-9f7a-7278314f0546&usePUBJs=true&_gl=1*so3p1t*_up*MQ..*_ga*MTA4NDI2NDg2My4xNzczNzA5Nzk5*_ga_4QT8FMEX30*czE3NzM3ODE5MDQkbzMkZzEkdDE3NzM3ODIxMDUkajUzJGwwJGgw*_ga_LMK6K2LSJH*czk2ZWQxNTljLWY4OTItNDMyZi05YTY3LWRjYWI0M2Y3MmEyYiRvMSRnMCR0MTc3MzcwOTc5OSRqNjAkbDAkaDA.,,"Enlisted: April 24th, 1863. Occupation: Cook"
John (Ah) Hang (William Hang? Tonk Kee Hang),"Canton, China, July 17, 1841",22,Union,Navy,New York,Navy,Landsman,Cabin Steward,Landsman/ Cabin Steward,Survived,,https://www.ancestrylibrary.com/search/collections/5358/records/22269?tid=&pid=&queryId=fc97b2f0-7cfa-4659-8a6d-31689517449a&usePUBJs=true&_gl=1*18ckxpp*_up*MQ..*_ga*MTA4NDI2NDg2My4xNzczNzA5Nzk5*_ga_4QT8FMEX30*czE3NzM3NzI4NjckbzIkZzEkdDE3NzM3Nzc5MzgkajM2JGwwJGgw*_ga_LMK6K2LSJH*czk2ZWQxNTljLWY4OTItNDMyZi05YTY3LWRjYWI0M2Y3MmEyYiRvMSRnMCR0MTc3MzcwOTc5OSRqNjAkbDAkaDA.; https://www.ancestrylibrary.com/search/collections/6061/records/54672777?tid=&pid=&queryId=38cc8a4c-af86-40b8-9dd5-0ccaf9ae0e5e&usePUBJs=true&_gl=1*tbupru*_up*MQ..*_ga*MTA4NDI2NDg2My4xNzczNzA5Nzk5*_ga_4QT8FMEX30*czE3NzM3ODE5MDQkbzMkZzEkdDE3NzM3ODIxMDUkajUzJGwwJGgw*_ga_LMK6K2LSJH*czk2ZWQxNTljLWY4OTItNDMyZi05YTY3LWRjYWI0M2Y3MmEyYiRvMSRnMCR0MTc3MzcwOTc5OSRqNjAkbDAkaDA.,search NARA when its back up,"Enlisted: July 24, 1863. U.S.S Albatross and Penguin Final Discharge: Sept. 30, 1864. GAR muster date: 15 Jun, 1920 in New York. Occupation after War: Tobacco Merchant. Residence after war: Soldiers and Sailors Home; No.8 Franklin street, New York City; Had a business at 500 Pearl Street and on Mott Street; Pension Approved: https://www.fold3.com/image/67165789/hang-john-page-117-us-navy-survivors-certificates-1861-1910; William Hang Confusion: Took the name of William at the urging of his first wife; Married Twice: Jennie Busch, 1868 in Savannah Georgia, died at West Brighton Staten Island. Second was to Maggie Duffy in 1878 and she died in April 1887 at West Brighton Staten Island. Widower at time of interview, 1917.; Attempted to naturalize but faced legal struggles and failed.; Died in Staten Island Hospital on December 3rd, 1923"
John Harry,"China, 1834",30,Union,Navy,New York,Navy,Landsman,,Landsman,,,https://www.ancestrylibrary.com/search/collections/60368/records/202718?tid=&pid=&queryId=4bd7f5cd-54b9-41e7-ab8d-6c1fd0a82d76&usePUBJs=true&_gl=1*1vgahq8*_up*MQ..*_ga*MTA4NDI2NDg2My4xNzczNzA5Nzk5*_ga_4QT8FMEX30*czE3NzM3NzI4NjckbzIkZzEkdDE3NzM3Nzc3MTYkajgkbDAkaDA.*_ga_LMK6K2LSJH*czk2ZWQxNTljLWY4OTItNDMyZi05YTY3LWRjYWI0M2Y3MmEyYiRvMSRnMCR0MTc3MzcwOTc5OSRqNjAkbDAkaDA.,,"Enlisted: June 25th, 1864: Residence- New Jersey, Fifth District, Newark. Occupation: Cook"
George Hitchings,"China, 1837-1838",24,Union,Navy,Boston,U.S.S Kenebec,Cook,,Cook,,,https://www.fold3.com/sub-image/268715396/hitchings-george-us-naval-enlistment-weekly-returns-1855-1891,,"Enlisted: February 1862. Occupation: Cook. ""Chinese"""
John How,"China, 1834",30,Union,Navy,"Kingston, Ulster, New York",Navy,Landsman,,Landsman,,,https://www.ancestrylibrary.com/search/collections/60368/records/204838?tid=&pid=&queryId=e8cfcafa-dece-4e9c-89c9-5901d1a8476c&usePUBJs=true&_gl=1*1883dae*_up*MQ..*_ga*MTA4NDI2NDg2My4xNzczNzA5Nzk5*_ga_4QT8FMEX30*czE3NzM3NzI4NjckbzIkZzEkdDE3NzM3NzQ5NjAkajYwJGwwJGgw*_ga_LMK6K2LSJH*czk2ZWQxNTljLWY4OTItNDMyZi05YTY3LWRjYWI0M2Y3MmEyYiRvMSRnMCR0MTc3MzcwOTc5OSRqNjAkbDAkaDA.; https://www.ancestrylibrary.com/search/collections/1964/records/129400?tid=&pid=&queryId=e8cfcafa-dece-4e9c-89c9-5901d1a8476c&usePUBJs=true&_gl=1*1883dae*_up*MQ..*_ga*MTA4NDI2NDg2My4xNzczNzA5Nzk5*_ga_4QT8FMEX30*czE3NzM3NzI4NjckbzIkZzEkdDE3NzM3NzQ5NjAkajYwJGwwJGgw*_ga_LMK6K2LSJH*czk2ZWQxNTljLWY4OTItNDMyZi05YTY3LWRjYWI0M2Y3MmEyYiRvMSRnMCR0MTc3MzcwOTc5OSRqNjAkbDAkaDA.,,"""Career: Cook"" Enlisted July 5th, 1864 for 3 years; Race: White; ""Five scars on forehead"""
Charles Irwin,"Hong Kong, China, 1838",23,Union,Navy,Philadelphia,Navy,Landsman,,Landsman,,,https://www.ancestrylibrary.com/search/collections/60368/records/106079?tid=&pid=&queryId=11934a34-a4aa-4a7b-a913-93dd19381047&usePUBJs=true&_gl=1*iaszjv*_up*MQ..*_ga*MTA4NDI2NDg2My4xNzczNzA5Nzk5*_ga_4QT8FMEX30*czE3NzM3NzI4NjckbzIkZzEkdDE3NzM3NzM2OTkkajU5JGwwJGgw*_ga_LMK6K2LSJH*czk2ZWQxNTljLWY4OTItNDMyZi05YTY3LWRjYWI0M2Y3MmEyYiRvMSRnMCR0MTc3MzcwOTc5OSRqNjAkbDAkaDA.,,"Enlisted: Nov. 30, 1861 for 3 years; Occupation: Mariner; ""Dark"" Complexion"
Ki-Ying,"Canton, China, born 1840-1841",,Union,Navy,New York,Navy,Landsman,,Landsman,"Deserted, Failed to appear",,,,"Enlisted: Nov. 30, 1861 for 3 years; https://www.fold3.com/sub-image/268540010/ki-ying-blank-us-naval-enlistment-weekly-returns-1855-1891. https://www.fold3.com/search?docQuery=(filters:!((type:military.conflict,values:!((label:US+Civil+War,value:US+Civil+War),(label:%27Civil+War+(Union)%27,value:%27Civil+War+(Union)%27)))),keywords:Ki-Ying); https://www.fold3.com/image/309952563/ki-ying-page-1-us-rendezvous-reports-index-civil-war-1861-1865"
Kwong Lee,"China, 1839",,Union,Navy,,,,,,,,,,"Served in 1862 ""aboard a gunboat which carried the mails for the army up and down the Mississippi""
Allegedly shot five times.
""Kwong Lee was shot five times in the defense of the country of which he was not yet a citizen. Besides the bullet hole in the head, he has another in the breast, one in the left leg, one in the right foot and a shell wound in the hip."" -The San Francisco Call
Became a naturalized citizen in 1874-- Turns out he lied about it
https://bluegraychinese.blogspot.com/search/label/Kwong%20Lee"
"Antonio Lofes (Lopes, Lopez)",Unknown,,Union,Navy,"Brooklyn, New York",Navy,Landsman,,Landsman,"Deserted, failed to report for his third assignment.",,https://www.fold3.com/image/310074106/lofes-antonio-page-1-us-rendezvous-reports-index-civil-war-1861-1865,,"Enlisted: August 27th, 1864. Record of service: 9/3/64, N.A. Squad., S. de Cuba, to Princeton June 17/65 ""Never reported"" Aud. '99 He literally vanishes, no record of him after this."
Marcella Montez,Not found on fold 3,,,Navy,,,,,,,,,,
Peter Mullen,"China, born 1836",28,Union,Navy,New York,Navy,Landsman,,Landsman,"Survived, discharged July 1865",,https://www.ancestrylibrary.com/search/collections/60368/records/26324?tid=&pid=&queryId=65bfe6db-51f2-4102-b2c4-14c1da4555f5&usePUBJs=true&_gl=1*11dor0b*_up*MQ..*_ga*MTA4NDI2NDg2My4xNzczNzA5Nzk5*_ga_4QT8FMEX30*czk2ZWQxNTljLWY4OTItNDMyZi05YTY3LWRjYWI0M2Y3MmEyYiRvMSRnMSR0MTc3MzcxMDA2MiRqMjgkbDAkaDA.*_ga_LMK6K2LSJH*czk2ZWQxNTljLWY4OTItNDMyZi05YTY3LWRjYWI0M2Y3MmEyYiRvMSRnMCR0MTc3MzcwOTc5OSRqNjAkbDAkaDA.; https://www.fold3.com/image/310016086/mullen-peter-page-6-us-rendezvous-reports-index-civil-war-1861-1865,"NARA WAS DOWN, REVISIT","""Swarthy"" Complexion: Enlisted April 16th, 1864. Record of Service: 4/13/64- Onondaga. Discharged July 24th, 1865. Occupation: Mariner"
John Owens,China,35,Union,Navy,,U.S.S. Norwich,Cook,Cook,,,,,,"any relation? https://www.ancestry.com/offers/join?dbid=1107&gsfn&gsln&h=116249&url=http%3A%2F%2Fwww.ancestry.com%2Fsearch%2Fcollections%2F1107%2Frecords%2F116249
Enlisted May 1865"
Lester L. Russell (Could also be Dexter Russell),China,21,Union,Navy,,U.S.S. Montgomery,Seaman,,,,,,,Enlisted May 1863.
John Shin,"China, 1840, 24 at enlistment",24,Union,Navy,"Huron, New York, district 24",Navy,Landsman,,Landsman,,,https://www.ancestry.com/search/collections/60368/records/25351?tid=&pid=&queryId=96e9e7b2-d0b9-4454-a50e-3215d9a46ef7&_phsrc=PHY1&_phstart=successSource,,"https://catalog.archives.gov/search?page=1&q=john%20shin , https://www.fold3.com/external/ANCESTRY_DOCUMENT/3563363:1555?memorial=658558712; Occupation before war: ""Clerk and Steward""; Eyes, Hair, Complexion: Black, black, dark.; 5'6''; scars on both cheeks; Enlisted: August 27th, 1864"
John Smith,"China, 1829",32-35,Union,Navy,,,Landsman,Landsman,,,,https://www.ancestrylibrary.com/search/collections/2999/records/67146?tid=&pid=&queryId=2aa9c435-1ad3-4d9d-af2c-5438b81c9de8&usePUBJs=true&_gl=1*1slpr5h*_up*MQ..*_ga*MTU2NjIxMjY4Ni4xNzczNzA0Njg4*_ga_4QT8FMEX30*czk2ZWQxNTljLWY4OTItNDMyZi05YTY3LWRjYWI0M2Y3MmEyYiRvMSRnMSR0MTc3MzcwNzU0NyRqNTEkbDAkaDA.*_ga_LMK6K2LSJH*czk2ZWQxNTljLWY4OTItNDMyZi05YTY3LWRjYWI0M2Y3MmEyYiRvMSRnMCR0MTc3MzcwNDY4NyRqNjAkbDAkaDA.; https://www.ancestrylibrary.com/search/collections/2999/records/31973?tid=&pid=&queryId=2aa9c435-1ad3-4d9d-af2c-5438b81c9de8&usePUBJs=true&_gl=1*1slpr5h*_up*MQ..*_ga*MTU2NjIxMjY4Ni4xNzczNzA0Njg4*_ga_4QT8FMEX30*czk2ZWQxNTljLWY4OTItNDMyZi05YTY3LWRjYWI0M2Y3MmEyYiRvMSRnMSR0MTc3MzcwNzU0NyRqNTEkbDAkaDA.*_ga_LMK6K2LSJH*czk2ZWQxNTljLWY4OTItNDMyZi05YTY3LWRjYWI0M2Y3MmEyYiRvMSRnMCR0MTc3MzcwNDY4NyRqNjAkbDAkaDA.; https://www.ancestrylibrary.com/search/collections/1666/records/3085954?tid=&pid=&queryId=bb4d17a9-b1b3-4684-a8dc-; https://www.fold3.com/image/719647830/1863-1864-page-679-us-naval-hospital-tickets-and-case-papers-1825-18895f12e920a8b9&usePUBJs=true&_gl=1*1r83kyd*_up*MQ..*_ga*MTU2NjIxMjY4Ni4xNzczNzA0Njg4*_ga_4QT8FMEX30*czk2ZWQxNTljLWY4OTItNDMyZi05YTY3LWRjYWI0M2Y3MmEyYiRvMSRnMSR0MTc3MzcwOTI2NCRqMTkkbDAkaDA.*_ga_LMK6K2LSJH*czk2ZWQxNTljLWY4OTItNDMyZi05YTY3LWRjYWI0M2Y3MmEyYiRvMSRnMCR0MTc3MzcwNDY4NyRqNjAkbDAkaDA.,,"U.S. Naval Hospital in Pensacola, Florida,  Jan 24 1864"
Thomas Smith,"Hong Kong, China, 1831",30,Union,Navy,Philadelphia,,,,,,,https://www.ancestrylibrary.com/search/collections/60368/records/156122?tid=&pid=&queryId=f602a895-362f-48a7-91f9-49e171bee33c&usePUBJs=true&_gl=1*skp5oc*_up*MQ..*_ga*NTc5MTA0NzQxLjE3NzQ5ODkyODI.*_ga_4QT8FMEX30*czE3NzUwMDQzMDMkbzQkZzEkdDE3NzUwMDQzMjckajM2JGwwJGgw*_ga_LMK6K2LSJH*czk2ZWQxNTljLWY4OTItNDMyZi05YTY3LWRjYWI0M2Y3MmEyYiRvMSRnMCR0MTc3NDk4OTI4MiRqNjAkbDAkaDA.,,Enlistment Nov 26 1861
Robert Spicer,"Shanghai, China, born 1842",,Union,Navy,"New London, Connecticut","Landsman, U.S.S Sabine",Landsman,,Landsman,Survived,,https://www.ancestrylibrary.com/search/collections/60368/records/121145?tid=&pid=&queryId=c66ff573-bdcb-4c3d-8adb-13554684db10&_phsrc=arv32&_phstart=successSource&_gl=1*1367x7y*_up*MQ..*_ga*OTk0NzE0NjI5LjE3Njc5OTQxNDc.*_ga_4QT8FMEX30*czJhODMzMjYxLTBkM2UtNDI3Yy1iYzU5LTc0YmY2ZWE5ZjNiMCRvMSRnMSR0MTc2Nzk5NDE0NyRqNjAkbDAkaDA.*_ga_LMK6K2LSJH*czJhODMzMjYxLTBkM2UtNDI3Yy1iYzU5LTc0YmY2ZWE5ZjNiMCRvMSRnMCR0MTc2Nzk5NDE0NyRqNjAkbDAkaDA.; https://www.ancestrylibrary.com/search/collections/60525/records/66410167?_gl=1*1unf50b*_up*MQ..*_ga*MTE5OTg0MDU2My4xNzY3OTk0MTkz*_ga_4QT8FMEX30*czJhODMzMjYxLTBkM2UtNDI3Yy1iYzU5LTc0YmY2ZWE5ZjNiMCRvMSRnMSR0MTc2Nzk5NDIwNCRqNDgkbDAkaDA.*_ga_LMK6K2LSJH*czJhODMzMjYxLTBkM2UtNDI3Yy1iYzU5LTc0YmY2ZWE5ZjNiMCRvMSRnMSR0MTc2Nzk5NDIwNSRqNDckbDAkaDA.; https://www.findagrave.com/memorial/116775306/robert-spicer,cannot find pension record but i know it exists thanks to fold3.,"married Alice Summers Spicer 1875 at St. Marks Church, served four years on U.S.S Sabine., Died 1890 or 1900. 1880 census- recorded as fisherman. 1860 census, listed as laboror at 17. have a picture of him!"
John Thompson,Revisit this later!,,,Navy,,,,,,,,https://www.ancestrylibrary.com/search/collections/60541/records/940395?tid=&pid=&queryId=7f04b0d8-0108-4316-ab13-4a2f3a45eb72&usePUBJs=true&_gl=1*1q5bi0g*_up*MQ..*_ga*MTU2NjIxMjY4Ni4xNzczNzA0Njg4*_ga_4QT8FMEX30*czk2ZWQxNTljLWY4OTItNDMyZi05YTY3LWRjYWI0M2Y3MmEyYiRvMSRnMSR0MTc3MzcwNzU0NyRqNTEkbDAkaDA.*_ga_LMK6K2LSJH*czk2ZWQxNTljLWY4OTItNDMyZi05YTY3LWRjYWI0M2Y3MmEyYiRvMSRnMCR0MTc3MzcwNDY4NyRqNjAkbDAkaDA.,,"Link ""might"" be him, will return to this when i can"
Samuel Thompson (same as below),,,,Navy,,,,,,,,,,
Samuel Thompson,"China, born 1844",20,Union,Navy,New York,U.S.S. Iroquois,Landsman,,Landsman,Unknown,,"https://www.ancestrylibrary.com/search/collections/60368/records/76735?tid=&pid=&queryId=ad512190-2306-4d54-8e47-05b2148b9516&usePUBJs=true&_gl=1*12kw74f*_up*MQ..*_ga*MTU2NjIxMjY4Ni4xNzczNzA0Njg4*_ga_4QT8FMEX30*czk2ZWQxNTljLWY4OTItNDMyZi05YTY3LWRjYWI0M2Y3MmEyYiRvMSRnMCR0MTc3MzcwNDY4NyRqNjAkbDAkaDA.*_ga_LMK6K2LSJH*czk2ZWQxNTljLWY4OTItNDMyZi05YTY3LWRjYWI0M2Y3MmEyYiRvMSRnMCR0MTc3MzcwNDY4NyRqNjAkbDAkaDA.; https://www.fold3.com/image/310086356/thompson-samuel-page-6-us-rendezvous-reports-index-civil-war-1861-1865; 
https://www.fold3.com/sub-image/268518743/thompson-samuel-us-naval-enlistment-weekly-returns-1855-1891?view=info",,"""Yellow"" Complexion
Enlisted: July 15th, 1864
Discharged: October 16, 1865 in New York"
John A. Wing,"China, born abt 1838",25,Union,Navy,New York,U.S.S. Pursuit,Steward,Steward,,"Survived, spent one month in NY naval hospital",,https://www.ancestrylibrary.com/search/collections/2999/records/14569?tid=&pid=&queryId=9f7894af-67b7-404d-a987-5e0fb5bc756f&_phsrc=DZF16&_phstart=successSource&_gl=1*1d72uhp*_up*MQ..*_ga*NTUwMzc1NzQ0LjE3Njc5OTAwMTM.*_ga_4QT8FMEX30*czJhODMzMjYxLTBkM2UtNDI3Yy1iYzU5LTc0YmY2ZWE5ZjNiMCRvMSRnMSR0MTc2Nzk5MDAxMyRqNjAkbDAkaDA.*_ga_LMK6K2LSJH*czJhODMzMjYxLTBkM2UtNDI3Yy1iYzU5LTc0YmY2ZWE5ZjNiMCRvMSRnMCR0MTc2Nzk5MDAxMyRqNjAkbDAkaDA. https://www.ancestrylibrary.com/search/collections/9268/records/88761; https://www.ancestry.com/search/collections/2999/records/14569?tid=&pid=&queryId=080c7856-5afc-44aa-9b65-aaca24dc6ab3&_phsrc=Wfc29&_phstart=successSource,,"naval hospital admission, rank listed as ""leds"", sick with a perpetual fever ""Feb Contus Communis"" (?). Still looking for more information on him. https://www.fold3.com/sub-image/287639091/wing-john-a-us-pension-numerical-index-1860-1934 (pension certificate) 
Enlisted Dec. 1861
Admittance date to New York hospital: April 4 1865
Discharge date May 4 1865"
John Wylee (Wyhie),"China, born 1834",28,Union,Navy,New York,U.S.S. Harvest Moon,Landsman,,Landsman,"Survived, discharged March 28th, 1865",,https://www.ancestrylibrary.com/search/collections/60368/records/220630?tid=&pid=&queryId=23f036d7-8691-4653-8971-b4bf25d94581&usePUBJs=true&_gl=1*f1oujf*_up*MQ..*_ga*MTIwNTk1MDQ4My4xNzczNjk2NDEz*_ga_4QT8FMEX30*czk2ZWQxNTljLWY4OTItNDMyZi05YTY3LWRjYWI0M2Y3MmEyYiRvMSRnMCR0MTc3MzY5NjQxMiRqNjAkbDAkaDA.*_ga_LMK6K2LSJH*czk2ZWQxNTljLWY4OTItNDMyZi05YTY3LWRjYWI0M2Y3MmEyYiRvMSRnMCR0MTc3MzY5NjQxMiRqNjAkbDAkaDA. https://www.fold3.com/image/310113356/wylee-john-page-1-us-rendezvous-reports-index-civil-war-1861-1865,,"""Swarthy Complexion."" Enlisted March 8th, 1862. Relief, R.S. Boston ‚Äî Feb. 20, 1864; Harvest Moon ‚Äî Mar. 5, 1864; Dis. Nov. 28, 1865 ‚Äî R.S. Phila."