stop_id ,name,service_branch,side,stop_order,stop_type,stop_date,place_label,place_standardized,certainty,source_field,source_excerpt,notes_for_mapping,lat,lon
1,Pedro Acow (Accao),Army,Union,1,birth_place,,"Canton, China","Canton, China",exact,born_if_known,"Canton, China",,,
2,Pedro Acow (Accao),Army,Union,2,residence_at_enlistment,,,,approximate,important_notes,Enlisted September 29 1862,Residence listed in notes; standardized place is best city/state match for mapping.,,
3,Pedro Acow (Accao),Army,Union,3,rendezvous_or_enlistment,,"New Orleans, Louisiana","New Orleans, Louisiana",approximate,regiment_state + important_notes,Enlisted September 29 1862,,,
4,John Ahsoo,Army,Union,1,birth_place,,China,China,exact,born_if_known,China,,,
5,John Ahsoo,Army,Union,2,residence_at_enlistment,,,,approximate,important_notes,Joined the regiment as a substitute at Cedar Creek in Feb 1864,Residence listed in notes; standardized place is best city/state match for mapping.,,
6,John Ahsoo,Army,Union,3,enlistment_or_service_state,,New York,New York,approximate,regiment_state + important_notes,Joined the regiment as a substitute at Cedar Creek in Feb 1864,State-only location is approximate and may reflect regiment origin rather than exact enlistment place.,,
7,John Ahusoo,Army,Union,1,birth_place,,China,China,exact,born_if_known,China,,,
8,John Ahusoo,Army,Union,2,residence_at_enlistment,,,,approximate,important_notes,,Residence listed in notes; standardized place is best city/state match for mapping.,,
9,John Ahusoo,Army,Union,3,enlistment_or_service_state,,New York,New York,approximate,regiment_state + important_notes,,State-only location is approximate and may reflect regiment origin rather than exact enlistment place.,,
10,John Ahwoo *might be #3 OR John Awoo,Army,,1,residence_at_enlistment,,,,approximate,important_notes,,Residence listed in notes; standardized place is best city/state match for mapping.,,
11,John Ashwoo* might be #3 Or John Awoo,Army,,1,residence_at_enlistment,,,,approximate,important_notes,,Residence listed in notes; standardized place is best city/state match for mapping.,,
12,John Bobson,Army,Union,1,birth_place,,China,China,exact,born_if_known,China,,,
13,John Bobson,Army,Union,2,residence_at_enlistment,,,,approximate,important_notes,"Muster 2 Date: 31 May 1865; Muster 2 Place: New York; Muster 2 Unit: 1597; Muster 2 Company: B; Muster 2 Regiment: 90th Infantry; Muster 2 Regiment Type: Infantry; Muster 2 Information: Transferred; Muster Out 2 Date: 18 Oct 1865; Muster Out 2 Place: Savannah, Georgia; Muster Out 2 Information: Mustered Out; Enlisted as a substitute in Jamaica, 0ct 3, 1864; Military age: 28",Residence listed in notes; standardized place is best city/state match for mapping.,,
14,John Bobson,Army,Union,3,enlistment_or_service_state,,New York,New York,approximate,regiment_state + important_notes,"Muster 2 Date: 31 May 1865; Muster 2 Place: New York; Muster 2 Unit: 1597; Muster 2 Company: B; Muster 2 Regiment: 90th Infantry; Muster 2 Regiment Type: Infantry; Muster 2 Information: Transferred; Muster Out 2 Date: 18 Oct 1865; Muster Out 2 Place: Savannah, Georgia; Muster Out 2 Information: Mustered Out; Enlisted as a substitute in Jamaica, 0ct 3, 1864; Military age: 28",State-only location is approximate and may reflect regiment origin rather than exact enlistment place.,,
15,John Bobson,Army,Union,4,service_station,,"Savannah, Georgia","Savannah, Georgia",approximate,important_notes,"Muster 2 Date: 31 May 1865; Muster 2 Place: New York; Muster 2 Unit: 1597; Muster 2 Company: B; Muster 2 Regiment: 90th Infantry; Muster 2 Regiment Type: Infantry; Muster 2 Information: Transferred; Muster Out 2 Date: 18 Oct 1865; Muster Out 2 Place: Savannah, Georgia; Muster Out 2 Information: Mustered Out; Enlisted as a substitute in Jamaica, 0ct 3, 1864; Military age: 28","Station/location inferred from notes; may represent receiving ship, yard, prison, or service area rather than a full route.",,
16,John Bobson,Army,Union,5,discharge_or_muster_out,18 Oct 1865,"Savannah, Georgia","Savannah, Georgia",approximate,important_notes,"Muster 2 Date: 31 May 1865; Muster 2 Place: New York; Muster 2 Unit: 1597; Muster 2 Company: B; Muster 2 Regiment: 90th Infantry; Muster 2 Regiment Type: Infantry; Muster 2 Information: Transferred; Muster Out 2 Date: 18 Oct 1865; Muster Out 2 Place: Savannah, Georgia; Muster Out 2 Information: Mustered Out; Enlisted as a substitute in Jamaica, 0ct 3, 1864; Military age: 28",,,
17,Joseph Bulah,Army,Union,1,birth_place,,China,China,exact,born_if_known,China,,,
18,Joseph Bulah,Army,Union,2,residence_at_enlistment,,,,approximate,important_notes,"Enlisted Sept 17 1863, arrested Sept 23 1863. Held in D.C. for remainder of war. Never settled debts.",Residence listed in notes; standardized place is best city/state match for mapping.,,
19,Joseph Bulah,Army,Union,3,enlistment_or_service_state,Sep 17 1863,Pennsylvania,Pennsylvania,approximate,regiment_state + important_notes,"Enlisted Sept 17 1863, arrested Sept 23 1863. Held in D.C. for remainder of war. Never settled debts.",State-only location is approximate and may reflect regiment origin rather than exact enlistment place.,,
19,Joseph Bulah,Army,Union,4,imprisonment,Sep 23 1863,"Washington, D.C","Washington, D.C",exact,regiment_state + important_notes,"Enlisted Sept 17 1863, arrested Sept 23 1863. Held in D.C. for remainder of war. Never settled debts.",State-only location is approximate and may reflect regiment origin rather than exact enlistment place.,,
20,Ah Pon Chon (Chon Ah Pon),Army,Union,1,birth_place,1827,China,China,exact,born_if_known,"China, abt 1827",,,
21,Ah Pon Chon (Chon Ah Pon),Army,Union,2,residence_at_enlistment,1833,New York,New York,approximate,important_notes,"Charles Ponn/ Poun, Charley Marry
Died July 1, 1888 at 61 years old in Brooklyn, NY
Allegedly came to the United States at 6 years old in 1833
Opened a candy store",Residence listed in notes; standardized place is best city/state match for mapping.,,
22,Ah Pon Chon (Chon Ah Pon),Army,Union,3,enlistment_or_service_state,,New York,New York,approximate,regiment_state + important_notes,"Charles Ponn/ Poun, Charley Marry
Died July 1, 1888 at 61 years old in Brooklyn, NY
Allegedly came to the United States at 6 years old in 1833
Opened a candy store",State-only location is approximate and may reflect regiment origin rather than exact enlistment place.,,
23,Ah Pon Chon (Chon Ah Pon),Army,Union,4,death_place,"July 1, 1888","Brooklyn, New York","Brooklyn, New York",exact,regiment_state + important_notes,"Charles Ponn/ Poun, Charley Marry
Died July 1, 1888 at 61 years old in Brooklyn, NY
Allegedly came to the United States at 6 years old in 1833
Opened a candy store",State-only location is approximate and may reflect regiment origin rather than exact enlistment place.,,
24,Edward Day Cohota,Army,Union,1,birth_place,1843,"Shanghai, China","Shanghai, China",exact,born_if_known,"Shanghai, China",,,
25,Edward Day Cohota,Army,Union,2,residence_at_enlistment,,,,approximate,important_notes,"Enlisted Februrary 1864 for 16 months. Died 1935 in Parmelee, South Dakota. Buried in Valentine, Nebraska at Mount Hope Cemetery.",Residence listed in notes; standardized place is best city/state match for mapping.,,
26,Edward Day Cohota,Army,Union,3,enlistment_or_service_state,"February 12,1864",Massachusetts,Massachusetts,approximate,regiment_state + important_notes,"Enlisted Februrary 1864 for 16 months. Died 1935 in Parmelee, South Dakota. Buried in Valentine, Nebraska at Mount Hope Cemetery.",State-only location is approximate and may reflect regiment origin rather than exact enlistment place.,,
27,Edward Day Cohota,Army,Union,4,service_station,"May 5, 1864",Drewry's Bluff,"Chesterfield County, Virginia",approximate,important_notes,"Enlisted Februrary 1864 for 16 months. Died 1935 in Parmelee, South Dakota. Buried in Valentine, Nebraska at Mount Hope Cemetery.",,,
28,Edward Day Cohota,Army,Union,5,service_station,"May 31- June 12, 1864",Battle of Cold Harbor,"Mechanicsville, Virginia",approximate,important_notes,"Enlisted Februrary 1864 for 16 months. Died 1935 in Parmelee, South Dakota. Buried in Valentine, Nebraska at Mount Hope Cemetery.",,,
29,Edward Day Cohota,Army,Union,6,discharge_or_muster_out,"June 25, 1865","New Bern, North Carolina","New Bern, North Carolina",approximate,important_notes,"Enlisted Februrary 1864 for 16 months. Died 1935 in Parmelee, South Dakota. Buried in Valentine, Nebraska at Mount Hope Cemetery.",,,
30,Edward Day Cohota,Army,Union,7,death_place,1935,"Parmelee, South Dakota","Parmelee, South Dakota",approximate,important_notes,"Enlisted Februrary 1864 for 16 months. Died 1935 in Parmelee, South Dakota. Buried in Valentine, Nebraska at Mount Hope Cemetery.",,,
31,Antonio Dardell(e),Army,Union,1,birth_place,1844,China,China,exact,born_if_known,"China, January 1 1844 or August 23; Clear struggle to prove date of birth",,,
32,Antonio Dardell(e),Army,Union,2,residence_at_enlistment,,,,approximate,important_notes,"Enlisted for 9 months Oct 3. 1862, Discharged July 27, 1863. Nov and Dec 1862 was sick at general hospital until June1863. Wounded at Marye's Heights in Fredericksburg (December 1862)  Jan 27/63 transferred to New Haven; Pension (approved) record also available: Filed April 13, 1916. Address listed as 292 George St.; Married to Mary ? Payne, then Mary Dardell April 9th, 1868. Has three children (names illegible); Jan 31-1933.  died Jan 18th 1933. Flag used for burial; http://query.nytimes.com/mem/archive-free/pdf?res=FA0D11F63855157A93C5A81788D85F468884F9 (naturalization information); https://books.google.com/books?id=uCpKAAAAMAAJ&q=%22Antonio+Dardell%22&dq=%22Antonio+Dardell%22&hl=en&sa=X&ei=JB4iU8O2BMSzkAesmYHADg&ved=0CEoQ6AEwBA; https://bluegraychinese.blogspot.com/2014/03/antonio-dardelle.html",Residence listed in notes; standardized place is best city/state match for mapping.,,
33,Antonio Dardell(e),Army,Union,3,enlistment_or_service_state,"October 3, 1862",Connecticut,Connecticut,approximate,regiment_state + important_notes,"Enlisted for 9 months Oct 3. 1862, Discharged July 27, 1863. Nov and Dec 1862 was sick at general hospital until June1863. Wounded at Marye's Heights in Fredericksburg (December 1862)  Jan 27/63 transferred to New Haven; Pension (approved) record also available: Filed April 13, 1916. Address listed as 292 George St.; Married to Mary ? Payne, then Mary Dardell April 9th, 1868. Has three children (names illegible); Jan 31-1933.  died Jan 18th 1933. Flag used for burial; http://query.nytimes.com/mem/archive-free/pdf?res=FA0D11F63855157A93C5A81788D85F468884F9 (naturalization information); https://books.google.com/books?id=uCpKAAAAMAAJ&q=%22Antonio+Dardell%22&dq=%22Antonio+Dardell%22&hl=en&sa=X&ei=JB4iU8O2BMSzkAesmYHADg&ved=0CEoQ6AEwBA; https://bluegraychinese.blogspot.com/2014/03/antonio-dardelle.html",State-only location is approximate and may reflect regiment origin rather than exact enlistment place.,,
34,Antonio Dardell(e),Army,Union,4,service_station,November-December 1862,Navy General Hospital,New York,approximate,important_notes,"Enlisted for 9 months Oct 3. 1862, Discharged July 27, 1863. Nov and Dec 1862 was sick at general hospital until June1863. Wounded at Marye's Heights in Fredericksburg (December 1862)  Jan 27/63 transferred to New Haven; Pension (approved) record also available: Filed April 13, 1916. Address listed as 292 George St.; Married to Mary ? Payne, then Mary Dardell April 9th, 1868. Has three children (names illegible); Jan 31-1933.  died Jan 18th 1933. Flag used for burial; http://query.nytimes.com/mem/archive-free/pdf?res=FA0D11F63855157A93C5A81788D85F468884F9 (naturalization information); https://books.google.com/books?id=uCpKAAAAMAAJ&q=%22Antonio+Dardell%22&dq=%22Antonio+Dardell%22&hl=en&sa=X&ei=JB4iU8O2BMSzkAesmYHADg&ved=0CEoQ6AEwBA; https://bluegraychinese.blogspot.com/2014/03/antonio-dardelle.html",,,
35,Antonio Dardell(e),Army,Union,5,service_station,December 1862,Marye's Heights,"Fredericksburg, Virginia",approximate,important_notes,"Enlisted for 9 months Oct 3. 1862, Discharged July 27, 1863. Nov and Dec 1862 was sick at general hospital until June1863. Wounded at Marye's Heights in Fredericksburg (December 1862)  Jan 27/63 transferred to New Haven; Pension (approved) record also available: Filed April 13, 1916. Address listed as 292 George St.; Married to Mary ? Payne, then Mary Dardell April 9th, 1868. Has three children (names illegible); Jan 31-1933.  died Jan 18th 1933. Flag used for burial; http://query.nytimes.com/mem/archive-free/pdf?res=FA0D11F63855157A93C5A81788D85F468884F9 (naturalization information); https://books.google.com/books?id=uCpKAAAAMAAJ&q=%22Antonio+Dardell%22&dq=%22Antonio+Dardell%22&hl=en&sa=X&ei=JB4iU8O2BMSzkAesmYHADg&ved=0CEoQ6AEwBA; https://bluegraychinese.blogspot.com/2014/03/antonio-dardelle.html",,,
36,Antonio Dardell(e),Army,Union,6,residence_after_enlistment,,292 George St,"New Haven, Connecticut",approximate,important_notes,"Enlisted for 9 months Oct 3. 1862, Discharged July 27, 1863. Nov and Dec 1862 was sick at general hospital until June1863. Wounded at Marye's Heights in Fredericksburg (December 1862)  Jan 27/63 transferred to New Haven; Pension (approved) record also available: Filed April 13, 1916. Address listed as 292 George St.; Married to Mary ? Payne, then Mary Dardell April 9th, 1868. Has three children (names illegible); Jan 31-1933.  died Jan 18th 1933. Flag used for burial; http://query.nytimes.com/mem/archive-free/pdf?res=FA0D11F63855157A93C5A81788D85F468884F9 (naturalization information); https://books.google.com/books?id=uCpKAAAAMAAJ&q=%22Antonio+Dardell%22&dq=%22Antonio+Dardell%22&hl=en&sa=X&ei=JB4iU8O2BMSzkAesmYHADg&ved=0CEoQ6AEwBA; https://bluegraychinese.blogspot.com/2014/03/antonio-dardelle.html",,,
37,Antonio Dardell(e),Army,Union,7,discharge_or_muster_out,"July 27, 1863",,,approximate,important_notes,"Enlisted for 9 months Oct 3. 1862, Discharged July 27, 1863. Nov and Dec 1862 was sick at general hospital until June1863. Wounded at Marye's Heights in Fredericksburg (December 1862)  Jan 27/63 transferred to New Haven; Pension (approved) record also available: Filed April 13, 1916. Address listed as 292 George St.; Married to Mary ? Payne, then Mary Dardell April 9th, 1868. Has three children (names illegible); Jan 31-1933.  died Jan 18th 1933. Flag used for burial; http://query.nytimes.com/mem/archive-free/pdf?res=FA0D11F63855157A93C5A81788D85F468884F9 (naturalization information); https://books.google.com/books?id=uCpKAAAAMAAJ&q=%22Antonio+Dardell%22&dq=%22Antonio+Dardell%22&hl=en&sa=X&ei=JB4iU8O2BMSzkAesmYHADg&ved=0CEoQ6AEwBA; https://bluegraychinese.blogspot.com/2014/03/antonio-dardelle.html",,,
38,Ab(e) Dola,Army,Union,1,birth_place,,China,China,exact,born_if_known,China 26 at enlistment,,,
39,Ab(e) Dola,Army,Union,2,residence_at_enlistment,,,,approximate,important_notes,"Enlisted January 22, 1864. Deserted July 3 '65. Part of the African American Civil War Memorial. B-47",Residence listed in notes; standardized place is best city/state match for mapping.,,
40,Tsz-Zeh Dzau,Army,,1,residence_at_enlistment,,,,approximate,important_notes,,Residence listed in notes; standardized place is best city/state match for mapping.,,
41,"Adam Fow (Foy, Fou)",Army,Union,1,birth_place,,"Canton, China","Canton, China",exact,born_if_known,"Canton, China 22 at Enlistment",,,
42,"Adam Fow (Foy, Fou)",Army,Union,2,residence_at_enlistment,,,,approximate,important_notes,"Enlisted September 23 1862. Absent without leave Since July 4, 1864.. Dropped as deserter Oct, 1 1864",Residence listed in notes; standardized place is best city/state match for mapping.,,
43,"Adam Fow (Foy, Fou)",Army,Union,3,enlistment_or_service_state,"September 23, 1862",Louisiana,Louisiana,approximate,regiment_state + important_notes,"Enlisted September 23 1862. Absent without leave Since July 4, 1864.. Dropped as deserter Oct, 1 1864",State-only location is approximate and may reflect regiment origin rather than exact enlistment place.,,
44,Christopher Wren Bunker,Army,Confederate,1,birth_place,1845,North Carolina,North Carolina,exact,born_if_known,"North Carolina,  1845, Taiwanese",,,
45,Christopher Wren Bunker,Army,Confederate,2,residence_at_enlistment,"April 1, 1863",Virginia,Virginia,approximate,important_notes,"Enlisted April 1, 1863, Son to Chang ""Siamese Twin"" who owned and enslaved 18 people
https://www.battlefields.org/learn/biographies/christopher-wren-bunker
https://bluegraychinese.blogspot.com/search/label/Christopher%20Wren%20Bunker
Imprisoned at Camp Chase near Columbus, Ohio until March 4, 1865
April 17, 1865 Returned to family's plantation
Died April 2, 1932",Residence listed in notes; standardized place is best city/state match for mapping.,,
46,Christopher Wren Bunker,Army,Confederate,3,enlistment_or_service_state,"March 4, 1865",Camp Chase,"Columbus, Ohio",exact,regiment_state + important_notes,"Enlisted April 1, 1863, Son to Chang ""Siamese Twin"" who owned and enslaved 18 people
https://www.battlefields.org/learn/biographies/christopher-wren-bunker
https://bluegraychinese.blogspot.com/search/label/Christopher%20Wren%20Bunker
Imprisoned at Camp Chase near Columbus, Ohio until March 4, 1865
April 17, 1865 Returned to family's plantation
Died April 2, 1932",State-only location is approximate and may reflect regiment origin rather than exact enlistment place.,,
47,Christopher Wren Bunker,Army,Confederate,4,enlistment_or_service_state,"April 17, 1865","Mount Airy, North Carolina","Mount Airy, North Carolina",exact,regiment_state + important_notes,"Enlisted April 1, 1863, Son to Chang ""Siamese Twin"" who owned and enslaved 18 people
https://www.battlefields.org/learn/biographies/christopher-wren-bunker
https://bluegraychinese.blogspot.com/search/label/Christopher%20Wren%20Bunker
Imprisoned at Camp Chase near Columbus, Ohio until March 4, 1865
April 17, 1865 Returned to family's plantation
Died April 2, 1932",State-only location is approximate and may reflect regiment origin rather than exact enlistment place.,,
48,Christopher Wren Bunker,Army,Confederate,5,death_place,2-Apr-32,"Dobson, Surry County, North Carolina","Dobson, Surry County, North Carolina",exact,regiment_state + important_notes,"Enlisted April 1, 1863, Son to Chang ""Siamese Twin"" who owned and enslaved 18 people
https://www.battlefields.org/learn/biographies/christopher-wren-bunker
https://bluegraychinese.blogspot.com/search/label/Christopher%20Wren%20Bunker
Imprisoned at Camp Chase near Columbus, Ohio until March 4, 1865
April 17, 1865 Returned to family's plantation
Died April 2, 1932",State-only location is approximate and may reflect regiment origin rather than exact enlistment place.,,
49,John Francis,,,1,residence_at_enlistment,,,,approximate,important_notes,,Residence listed in notes; standardized place is best city/state match for mapping.,,
50,John Fouenty,Army,Confederate,1,birth_place,,"Hong Kong, China","Hong Kong, China",exact,born_if_known,"Hong Kong, China",,,
51,John Fouenty,Army,Confederate,2,residence_at_enlistment,,,,approximate,important_notes,https://bluegraychinese.blogspot.com/2014/03/john-fouenty.html,Residence listed in notes; standardized place is best city/state match for mapping.,,
52,John Fouenty,Army,Confederate,3,enlistment_or_service_state,,Georgia,Georgia,approximate,regiment_state + important_notes,https://bluegraychinese.blogspot.com/2014/03/john-fouenty.html,State-only location is approximate and may reflect regiment origin rather than exact enlistment place.,,
53,Henry C. Fung/ Young,Army,Union,1,birth_place,1846,China,China,exact,born_if_known,China,,,
54,Henry C. Fung/ Young,Army,Union,2,residence_at_enlistment,,,,approximate,important_notes,"Enlisted March 22 1864 at York, Pennsylvania. Mustered out Aug 3rd 1865
Battalion history: Jerusalem Plank Road, June 21 1864- June 24 1864; Second Petersburg, June 15 1864- June 18 1864",Residence listed in notes; standardized place is best city/state match for mapping.,,
55,Henry C. Fung/ Young,Army,Union,3,enlistment_or_service_state,"March 22, 1864","York, Pennsylvania","York, Pennsylvania",exact,regiment_state + important_notes,"Enlisted March 22 1864 at York, Pennsylvania. Mustered out Aug 3rd 1865
Battalion history: Jerusalem Plank Road, June 21 1864- June 24 1864; Second Petersburg, June 15 1864- June 18 1864",State-only location is approximate and may reflect regiment origin rather than exact enlistment place.,,
56,Henry C. Fung/ Young,Army,Union,4,service_station,"June 15-18, 1864",Second Petersburg,"Petersburg, Virginia ",exact,regiment_state + important_notes,"Enlisted March 22 1864 at York, Pennsylvania. Mustered out Aug 3rd 1865
Battalion history: Jerusalem Plank Road, June 21 1864- June 24 1864; Second Petersburg, June 15 1864- June 18 1864",State-only location is approximate and may reflect regiment origin rather than exact enlistment place.,,
57,Henry C. Fung/ Young,Army,Union,5,service_station,"June 21-24, 1864",Jerusalem Plank Road,"Petersburg, Virginia ",exact,regiment_state + important_notes,"Enlisted March 22 1864 at York, Pennsylvania. Mustered out Aug 3rd 1865
Battalion history: Jerusalem Plank Road, June 21 1864- June 24 1864; Second Petersburg, June 15 1864- June 18 1864",State-only location is approximate and may reflect regiment origin rather than exact enlistment place.,,
58,Henry C. Fung/ Young,Army,Union,6,discharge_or_muster_out,"August 3, 1865","Harrisburg, Pennsylvania","Harrisburg, Pennsylvania",exact,regiment_state + important_notes,"Enlisted March 22 1864 at York, Pennsylvania. Mustered out Aug 3rd 1865
Battalion history: Jerusalem Plank Road, June 21 1864- June 24 1864; Second Petersburg, June 15 1864- June 18 1864",State-only location is approximate and may reflect regiment origin rather than exact enlistment place.,,
59,"Neok Woo Hong ( Neok Ung Hong, Hong Neok Woo)",Army,Union,1,birth_place,,"Shanghai, China","Shanghai, China",exact,born_if_known,"Shanghai, China",,,
60,"Neok Woo Hong ( Neok Ung Hong, Hong Neok Woo)",Army,Union,2,residence_at_enlistment,,,,approximate,important_notes,"Served three months in Harrisburg and Chambersburg, then was discharged. A missionary arranged him to go from Shanghai, China at 16 years old to go on board the American frigate Susquehanna, as a servant to the ship's doctor, to Pennsylvania. After the war, he returned home to China and served as an Episcopalian priest.",Residence listed in notes; standardized place is best city/state match for mapping.,,
61,"Neok Woo Hong ( Neok Ung Hong, Hong Neok Woo)",Army,Union,3,enlistment_or_service_state,,Pennsylvania,Pennsylvania,approximate,regiment_state + important_notes,"Served three months in Harrisburg and Chambersburg, then was discharged. A missionary arranged him to go from Shanghai, China at 16 years old to go on board the American frigate Susquehanna, as a servant to the ship's doctor, to Pennsylvania. After the war, he returned home to China and served as an Episcopalian priest.",State-only location is approximate and may reflect regiment origin rather than exact enlistment place.,,
62,John Hussey,Army,,1,residence_at_enlistment,,,,approximate,important_notes,,Residence listed in notes; standardized place is best city/state match for mapping.,,
63,James Johnson,Army,Union,1,birth_place,1837,China,China,exact,born_if_known,"China, 1837",,,
64,James Johnson,Army,Union,2,residence_at_enlistment,,,,approximate,important_notes,"Enlisted Feb 1st 1864; mustered out July 22 1864 at Thibodeaux, Louisiana. Occupation: sailor",Residence listed in notes; standardized place is best city/state match for mapping.,,
65,James Johnson,Army,Union,3,enlistment_or_service_state,"February 1, 1864",New York,New York,approximate,regiment_state + important_notes,"Enlisted Feb 1st 1864; mustered out July 22 1864 at Thibodeaux, Louisiana. Occupation: sailor",State-only location is approximate and may reflect regiment origin rather than exact enlistment place.,,
66,James Johnson,Army,Union,4,discharge_or_muster_out,"July 22, 1864","Thibodeaux, Louisiana","Thibodeaux, Louisiana",exact,regiment_state + important_notes,"Enlisted Feb 1st 1864; mustered out July 22 1864 at Thibodeaux, Louisiana. Occupation: sailor",State-only location is approximate and may reflect regiment origin rather than exact enlistment place.,,
67,John Kim,Army,Union,1,birth_place,,China,China,exact,born_if_known,China,,,
68,John Kim,Army,Union,2,residence_at_enlistment,,,,approximate,important_notes,Enlisted October 1864; mustered out on June 1865.,Residence listed in notes; standardized place is best city/state match for mapping.,,
69,John Kim,Army,Union,3,enlistment_or_service_state,October 1864,Pennsylvania,Pennsylvania,approximate,regiment_state + important_notes,Enlisted October 1864; mustered out on June 1865.,State-only location is approximate and may reflect regiment origin rather than exact enlistment place.,,
70,Ling. Kubser,Army,Union,1,birth_place,1843,China,China,exact,born_if_known,"China, 1843",,,
71,Ling. Kubser,Army,Union,2,residence_at_enlistment,,,,approximate,important_notes,"Died January 23, 1905, Hampton, Virginia at 62 years old
Three thousand veterans attended his funeral
https://bluegraychinese.blogspot.com/2014/04/ling-kubser.html",Residence listed in notes; standardized place is best city/state match for mapping.,,
72,Ling. Kubser,Army,Union,3,enlistment_or_service_state,,New York,New York,approximate,regiment_state + important_notes,"Died January 23, 1905, Hampton, Virginia at 62 years old
Three thousand veterans attended his funeral
https://bluegraychinese.blogspot.com/2014/04/ling-kubser.html",State-only location is approximate and may reflect regiment origin rather than exact enlistment place.,,
73,Ling. Kubser,Army,Union,3,death_place,23-Jan-05,"Hampton, Virginia","Hampton, Virginia",approximate,regiment_state + important_notes,"Died January 23, 1905, Hampton, Virginia at 62 years old
Three thousand veterans attended his funeral
https://bluegraychinese.blogspot.com/2014/04/ling-kubser.html",State-only location is approximate and may reflect regiment origin rather than exact enlistment place.,,
74,William Henry Kwan (kean),Army,Confederate,1,residence_at_enlistment,,,,approximate,important_notes,https://bluegraychinese.blogspot.com/2014/04/william-h-kwan-kevan.html,Residence listed in notes; standardized place is best city/state match for mapping.,,
75,William Henry Kwan (kean),Army,Confederate,2,enlistment_or_service_state,,Virginia,Virginia,approximate,regiment_state + important_notes,https://bluegraychinese.blogspot.com/2014/04/william-h-kwan-kevan.html,State-only location is approximate and may reflect regiment origin rather than exact enlistment place.,,
76,James Labord,Army,,1,residence_at_enlistment,,,,approximate,important_notes,,Residence listed in notes; standardized place is best city/state match for mapping.,,
77,John Lee,Army,Union,1,birth_place,,China,China,exact,born_if_known,China,,,
78,John Lee,Army,Union,2,residence_at_enlistment,,,,approximate,important_notes,Fought in Gettysburg and was killed,Residence listed in notes; standardized place is best city/state match for mapping.,,
79,John Lee,Army,Union,3,enlistment_or_service_state,,Connecticut,Connecticut,approximate,regiment_state + important_notes,Fought in Gettysburg and was killed,State-only location is approximate and may reflect regiment origin rather than exact enlistment place.,,
80,Juan Lodigo(e),Army,Union,1,residence_at_enlistment,,,,approximate,important_notes,"Enlisted Dec 3rd 1864. He is noted as being part of the African American Civil War Memorial, B-47. ""Substitute for Edward M Pretts."" Deserted from camp at White Ranch, TX. Owed money to the government.. ""Due U.S. 24.46 for extra issues""",Residence listed in notes; standardized place is best city/state match for mapping.,,
81,Juan Lodigo(e),Army,Union,2,rendezvous_or_enlistment,"December 3, 1864","New Haven, Connecticut","New Haven, Connecticut",approximate,regiment_state + important_notes,"Enlisted Dec 3rd 1864. He is noted as being part of the African American Civil War Memorial, B-47. ""Substitute for Edward M Pretts."" Deserted from camp at White Ranch, TX. Owed money to the government.. ""Due U.S. 24.46 for extra issues""",,,
82,"William McCloclan; (McClaclan, McCloclau, McLaughin); Chinese Name, Tung Ting",Army,Union,1,residence_at_enlistment,,,,approximate,important_notes,"Two enlistment dates, August 21 and Sept 5 1862. Two discharge dates, May 28th and september 29th 1864. Disapproved Pension File. Apparently he went under two names for both the navy and the infantry. HIS STATEMENT EXISTS-- Spend time here!",Residence listed in notes; standardized place is best city/state match for mapping.,,
83,"William McCloclan; (McClaclan, McCloclau, McLaughin); Chinese Name, Tung Ting",Army,Union,2,enlistment_or_service_state,,New York City,New York City,approximate,regiment_state + important_notes,"Two enlistment dates, August 21 and Sept 5 1862. Two discharge dates, May 28th and september 29th 1864. HOLY SHIT- Disapproved Pension File. Apparently he went under two names for both the navy and the infantry. HIS STATEMENT EXISTS-- Spend time here!",State-only location is approximate and may reflect regiment origin rather than exact enlistment place.,,
84,A. Moor,Army,Union,1,birth_place,1842,China,China,exact,born_if_known,"China, 1842",,,
85,A. Moor,Army,Union,2,residence_at_enlistment,,,,approximate,important_notes,"Enlisted Jan 8 1865. Race: ""Mulatto""",Residence listed in notes; standardized place is best city/state match for mapping.,,
86,A. Moor,Army,Union,3,rendezvous_or_enlistment,"January 8, 1865","Providence, Rhode Island","Providence, Rhode Island",approximate,regiment_state + important_notes,"Enlisted Jan 8 1865. Race: ""Mulatto""",,,
87,John Phillips,Army,Union,1,birth_place,1841,China,China,exact,born_if_known,"China, 1841",,,
88,John Phillips,Army,Union,2,residence_at_enlistment,,,,approximate,important_notes,"Enlisted Dec 30 1863. Imprisoned April 23 1864 at Cane River Crossing, Louisiana. Mustered out July 10 1864. Paroled May 27 1865",Residence listed in notes; standardized place is best city/state match for mapping.,,
89,John Phillips,Army,Union,3,rendezvous_or_enlistment,"December 30, 1863","Brooklyn, New York","Brooklyn, New York",approximate,regiment_state + important_notes,"Enlisted Dec 30 1863. Imprisoned April 23 1864 at Cane River Crossing, Louisiana. Mustered out July 10 1864. Paroled May 27 1865",,,
90,John Phillips,Army,Union,4,imprisonment,"April 23, 1864","Cane River Crossing, Louisiana ","Cane River Crossing, Louisiana",exact,regiment_state + important_notes,"Enlisted Dec 30 1863. Imprisoned April 23 1864 at Cane River Crossing, Louisiana. Mustered out July 10 1864. Paroled May 27 1865",,,
91,John Phillips,Army,Union,5,discharge_or_muster_out,"July 10, 1864",,,exact,regiment_state + important_notes,"Enlisted Dec 30 1863. Imprisoned April 23 1864 at Cane River Crossing, Louisiana. Mustered out July 10 1864. Paroled May 27 1865",,,
92,Joseph Pierce,Army,Union,1,birth_place,1843,"Guangzhou, China","Guangzhou, China",exact,born_if_known,"Guangzhou, China, 1843",,,
93,Joseph Pierce,Army,Union,2,residence_at_enlistment,,,,approximate,important_notes,"Enlisted July 26, 1862
Fought in Battle of Antietam, and Battle of Gettysburg
Worked as an engraver for the Meriden Britannia Company in Meriden, 1868
Married Martha Morgan Nov 12. 1876, and had four children
Attended the 14th Connecticut Regiment Reunion in 1890 at Mystic Island, Connecticut
Died Jan 3, 1916 at 73
Extensive history written about him! https://www.amazon.com/Worthy-Brave-Capable-Joseph-Pierce/dp/1646145577
https://acwm.org/blog/i-see-my-father-in-his-image-asian-legacies-and-the-civil-war/",Residence listed in notes; standardized place is best city/state match for mapping.,,
94,Joseph Pierce,Army,Union,3,enlistment_or_service_state,"July 26, 1862",Connecticut,Connecticut,approximate,regiment_state + important_notes,"Enlisted July 26, 1862
Fought in Battle of Antietam, and Battle of Gettysburg
Worked as an engraver for the Meriden Britannia Company in Meriden, 1868
Married Martha Morgan Nov 12. 1876, and had four children
Attended the 14th Connecticut Regiment Reunion in 1890 at Mystic Island, Connecticut
Died Jan 3, 1916 at 73
Extensive history written about him! https://www.amazon.com/Worthy-Brave-Capable-Joseph-Pierce/dp/1646145577
https://acwm.org/blog/i-see-my-father-in-his-image-asian-legacies-and-the-civil-war/",State-only location is approximate and may reflect regiment origin rather than exact enlistment place.,,
95,Joseph Pierce,Army,Union,4,service_station,"September 17, 1862",Battle of Antietam,"Sharpsburg, Maryland",exact,regiment_state + important_notes,"Enlisted July 26, 1862
Fought in Battle of Antietam, and Battle of Gettysburg
Worked as an engraver for the Meriden Britannia Company in Meriden, 1868
Married Martha Morgan Nov 12. 1876, and had four children
Attended the 14th Connecticut Regiment Reunion in 1890 at Mystic Island, Connecticut
Died Jan 3, 1916 at 73
Extensive history written about him! https://www.amazon.com/Worthy-Brave-Capable-Joseph-Pierce/dp/1646145577
https://acwm.org/blog/i-see-my-father-in-his-image-asian-legacies-and-the-civil-war/",State-only location is approximate and may reflect regiment origin rather than exact enlistment place.,,
96,Joseph Pierce,Army,Union,5,service_station,"July 1-July 3, 1863",Battle of Gettysburg,"Gettysburg, Pennsylvania",approximate,regiment_state + important_notes,"Enlisted July 26, 1862
Fought in Battle of Antietam, and Battle of Gettysburg
Worked as an engraver for the Meriden Britannia Company in Meriden, 1868
Married Martha Morgan Nov 12. 1876, and had four children
Attended the 14th Connecticut Regiment Reunion in 1890 at Mystic Island, Connecticut
Died Jan 3, 1916 at 73
Extensive history written about him! https://www.amazon.com/Worthy-Brave-Capable-Joseph-Pierce/dp/1646145577
https://acwm.org/blog/i-see-my-father-in-his-image-asian-legacies-and-the-civil-war/",State-only location is approximate and may reflect regiment origin rather than exact enlistment place.,,
97,Joseph Pierce,Army,Union,6,residence_after_enlistment,1868,Meriden Britannia Company,"Meriden, Connecticut",approximate,regiment_state + important_notes,"Enlisted July 26, 1862
Fought in Battle of Antietam, and Battle of Gettysburg
Worked as an engraver for the Meriden Britannia Company in Meriden, 1868
Married Martha Morgan Nov 12. 1876, and had four children
Attended the 14th Connecticut Regiment Reunion in 1890 at Mystic Island, Connecticut
Died Jan 3, 1916 at 73
Extensive history written about him! https://www.amazon.com/Worthy-Brave-Capable-Joseph-Pierce/dp/1646145577
https://acwm.org/blog/i-see-my-father-in-his-image-asian-legacies-and-the-civil-war/",State-only location is approximate and may reflect regiment origin rather than exact enlistment place.,,
98,Joseph Pierce,Army,Union,7,location_after_ war,1890,14th Connecticut Regiment Reunion ,"Mystic Island, Connecticut",exact,regiment_state + important_notes,"Enlisted July 26, 1862
Fought in Battle of Antietam, and Battle of Gettysburg
Worked as an engraver for the Meriden Britannia Company in Meriden, 1868
Married Martha Morgan Nov 12. 1876, and had four children
Attended the 14th Connecticut Regiment Reunion in 1890 at Mystic Island, Connecticut
Died Jan 3, 1916 at 73
Extensive history written about him! https://www.amazon.com/Worthy-Brave-Capable-Joseph-Pierce/dp/1646145577
https://acwm.org/blog/i-see-my-father-in-his-image-asian-legacies-and-the-civil-war/",State-only location is approximate and may reflect regiment origin rather than exact enlistment place.,,
99,Joseph Pierce,Army,Union,8,death_place,3-Jan-16,Walnut Grove Cemetery ,"Meriden, Connecticut",exact,regiment_state + important_notes,"Enlisted July 26, 1862
Fought in Battle of Antietam, and Battle of Gettysburg
Worked as an engraver for the Meriden Britannia Company in Meriden, 1868
Married Martha Morgan Nov 12. 1876, and had four children
Attended the 14th Connecticut Regiment Reunion in 1890 at Mystic Island, Connecticut
Died Jan 3, 1916 at 73
Extensive history written about him! https://www.amazon.com/Worthy-Brave-Capable-Joseph-Pierce/dp/1646145577
https://acwm.org/blog/i-see-my-father-in-his-image-asian-legacies-and-the-civil-war/",State-only location is approximate and may reflect regiment origin rather than exact enlistment place.,,
100,Thomas Sylvanus (Aw Yee Way),Army,Union,1,birth_place,1845,Hong Kong,Hong Kong,exact,born_if_known,"Hong Kong, 1845",,,
101,Thomas Sylvanus (Aw Yee Way),Army,Union,2,residence_at_enlistment,,,,approximate,important_notes,"Enlisted September 24 1861 
The Seven Days, Richmond, the Wilderness, Spotsylvania, and Cold Harbor. Wounded at Cold Harbor, he was captured and imprisoned in Andersonville Prison.
Went to Indiana in 1870
Died in Indiana in June 15, 1891
Ruthannne Lum McCunn Chinese Yankee: A True Story from the Civil War (2014)
https://ch-anpress.com/section/514772-The%20Thomas%20Project.html
https://www.mccunn.com/CY-QandA.html",Residence listed in notes; standardized place is best city/state match for mapping.,,
102,Thomas Sylvanus (Aw Yee Way),Army,Union,3,enlistment_or_service_state,"September 24, 1861",Philadelphia,Philadelphia,approximate,regiment_state + important_notes,"Enlisted September 24 1861 
The Seven Days, Richmond, the Wilderness, Spotsylvania, and Cold Harbor. Wounded at Cold Harbor, he was captured and imprisoned in Andersonville Prison.
Went to Indiana in 1870
Died in Indiana in June 15, 1891
Ruthannne Lum McCunn Chinese Yankee: A True Story from the Civil War (2014)
https://ch-anpress.com/section/514772-The%20Thomas%20Project.html
https://www.mccunn.com/CY-QandA.html",State-only location is approximate and may reflect regiment origin rather than exact enlistment place.,,
103,Thomas Sylvanus (Aw Yee Way),Army,Union,4,service_station,"June 25-July 1, 1862",Seven Days Battles,"Richmond, Virginia",approximate,regiment_state + important_notes,"Enlisted September 24 1861 
The Seven Days, Richmond, the Wilderness, Spotsylvania, and Cold Harbor. Wounded at Cold Harbor, he was captured and imprisoned in Andersonville Prison.
Went to Indiana in 1870
Died in Indiana in June 15, 1891
Ruthannne Lum McCunn Chinese Yankee: A True Story from the Civil War (2014)
https://ch-anpress.com/section/514772-The%20Thomas%20Project.html
https://www.mccunn.com/CY-QandA.html",State-only location is approximate and may reflect regiment origin rather than exact enlistment place.,,
104,Thomas Sylvanus (Aw Yee Way),Army,Union,5,service_station,"August 29-30, 1862","Battle of Richmond, Kentucky","Richmond, Kentucky",approximate,regiment_state + important_notes,"Enlisted September 24 1861 
The Seven Days, Richmond, the Wilderness, Spotsylvania, and Cold Harbor. Wounded at Cold Harbor, he was captured and imprisoned in Andersonville Prison.
Went to Indiana in 1870
Died in Indiana in June 15, 1891
Ruthannne Lum McCunn Chinese Yankee: A True Story from the Civil War (2014)
https://ch-anpress.com/section/514772-The%20Thomas%20Project.html
https://www.mccunn.com/CY-QandA.html",State-only location is approximate and may reflect regiment origin rather than exact enlistment place.,,
105,Thomas Sylvanus (Aw Yee Way),Army,Union,6,service_station,"May 5-7, 1864",Battle of the Wilderness,"Spotsylvania County, Orange County, Virginia",approximate,regiment_state + important_notes,"Enlisted September 24 1861 
The Seven Days, Richmond, the Wilderness, Spotsylvania, and Cold Harbor. Wounded at Cold Harbor, he was captured and imprisoned in Andersonville Prison.
Went to Indiana in 1870
Died in Indiana in June 15, 1891
Ruthannne Lum McCunn Chinese Yankee: A True Story from the Civil War (2014)
https://ch-anpress.com/section/514772-The%20Thomas%20Project.html
https://www.mccunn.com/CY-QandA.html",State-only location is approximate and may reflect regiment origin rather than exact enlistment place.,,
106,Thomas Sylvanus (Aw Yee Way),Army,Union,7,service_station,"May 8-21, 1864",Battle of Spotsylvania,"Spotsylvania County, Virginia",approximate,regiment_state + important_notes,"Enlisted September 24 1861 
The Seven Days, Richmond, the Wilderness, Spotsylvania, and Cold Harbor. Wounded at Cold Harbor, he was captured and imprisoned in Andersonville Prison.
Went to Indiana in 1870
Died in Indiana in June 15, 1891
Ruthannne Lum McCunn Chinese Yankee: A True Story from the Civil War (2014)
https://ch-anpress.com/section/514772-The%20Thomas%20Project.html
https://www.mccunn.com/CY-QandA.html",State-only location is approximate and may reflect regiment origin rather than exact enlistment place.,,
107,Thomas Sylvanus (Aw Yee Way),Army,Union,8,service_station,"May 31-June 12, 1864",Battle of Cold Harbor,"Mechanicsville, Virginia",approximate,regiment_state + important_notes,"Enlisted September 24 1861 
The Seven Days, Richmond, the Wilderness, Spotsylvania, and Cold Harbor. Wounded at Cold Harbor, he was captured and imprisoned in Andersonville Prison.
Went to Indiana in 1870
Died in Indiana in June 15, 1891
Ruthannne Lum McCunn Chinese Yankee: A True Story from the Civil War (2014)
https://ch-anpress.com/section/514772-The%20Thomas%20Project.html
https://www.mccunn.com/CY-QandA.html",State-only location is approximate and may reflect regiment origin rather than exact enlistment place.,,
108,Thomas Sylvanus (Aw Yee Way),Army,Union,9,death_place,"June 15, 1891",Indiana,Indiana,approximate,regiment_state + important_notes,"Enlisted September 24 1861 
The Seven Days, Richmond, the Wilderness, Spotsylvania, and Cold Harbor. Wounded at Cold Harbor, he was captured and imprisoned in Andersonville Prison.
Went to Indiana in 1870
Died in Indiana in June 15, 1891
Ruthannne Lum McCunn Chinese Yankee: A True Story from the Civil War (2014)
https://ch-anpress.com/section/514772-The%20Thomas%20Project.html
https://www.mccunn.com/CY-QandA.html",State-only location is approximate and may reflect regiment origin rather than exact enlistment place.,,
109,"John Tomney (Tommy, Tommey, Tonney, and Taminy)",Army,Union,1,birth_place,,China,China,exact,born_if_known,China,,,
110,"John Tomney (Tommy, Tommey, Tonney, and Taminy)",Army,Union,2,residence_at_enlistment,,,,approximate,important_notes,"Enlisted May 15 1861 in New York City
Muster June 21 1861 in New York
Captured March 1862 in Prince William Counties; paroled in May 1862 at Newport News; captured again at Manassas in August 1862; re-joined his regiment in Dec 1862; promoted to corporal on Feb 8 1863; bled to death after Gettysburg. July 2 1863.",Residence listed in notes; standardized place is best city/state match for mapping.,,
111,"John Tomney (Tommy, Tommey, Tonney, and Taminy)",Army,Union,3,enlistment_or_service_state,"May 15, 1861",New York City,New York,approximate,regiment_state + important_notes,"Enlisted May 15 1861 in New York City
Muster June 21 1861 in New York
Captured March 1862 in Prince William Counties; paroled in May 1862 at Newport News; captured again at Manassas in August 1862; re-joined his regiment in Dec 1862; promoted to corporal on Feb 8 1863; bled to death after Gettysburg. July 2 1863.",State-only location is approximate and may reflect regiment origin rather than exact enlistment place.,,
112,"John Tomney (Tommy, Tommey, Tonney, and Taminy)",Army,Union,4,imprisonment,"March 1, 1862",Captured,Prince William Counties,approximate,regiment_state + important_notes,"Enlisted May 15 1861 in New York City
Muster June 21 1861 in New York
Captured March 1862 in Prince William Counties; paroled in May 1862 at Newport News; captured again at Manassas in August 1862; re-joined his regiment in Dec 1862; promoted to corporal on Feb 8 1863; bled to death after Gettysburg. July 2 1863.",State-only location is approximate and may reflect regiment origin rather than exact enlistment place.,,
113,"John Tomney (Tommy, Tommey, Tonney, and Taminy)",Army,Union,5,parolled_at,"May 1, 1862","Newport News, Virginia","Newport News, Virginia",approximate,regiment_state + important_notes,"Enlisted May 15 1861 in New York City
Muster June 21 1861 in New York
Captured March 1862 in Prince William Counties; paroled in May 1862 at Newport News; captured again at Manassas in August 1862; re-joined his regiment in Dec 1862; promoted to corporal on Feb 8 1863; bled to death after Gettysburg. July 2 1863.",State-only location is approximate and may reflect regiment origin rather than exact enlistment place.,,
114,"John Tomney (Tommy, Tommey, Tonney, and Taminy)",Army,Union,6,imprisonment,"August 1, 1862",Captured at Manassas,"Manassas, Virginia",approximate,regiment_state + important_notes,"Enlisted May 15 1861 in New York City
Muster June 21 1861 in New York
Captured March 1862 in Prince William Counties; paroled in May 1862 at Newport News; captured again at Manassas in August 1862; re-joined his regiment in Dec 1862; promoted to corporal on Feb 8 1863; bled to death after Gettysburg. July 2 1863.",State-only location is approximate and may reflect regiment origin rather than exact enlistment place.,,
115,"John Tomney (Tommy, Tommey, Tonney, and Taminy)",Army,Union,7,service_station,"December 1, 1862",Rejoined his regiment,,approximate,regiment_state + important_notes,"Enlisted May 15 1861 in New York City
Muster June 21 1861 in New York
Captured March 1862 in Prince William Counties; paroled in May 1862 at Newport News; captured again at Manassas in August 1862; re-joined his regiment in Dec 1862; promoted to corporal on Feb 8 1863; bled to death after Gettysburg. July 2 1863.",State-only location is approximate and may reflect regiment origin rather than exact enlistment place.,,
116,"John Tomney (Tommy, Tommey, Tonney, and Taminy)",Army,Union,8,death_place,"July 2, 1863",Battle of Gettysburg,"Gettysburg, Pennsylvania",approximate,regiment_state + important_notes,"Enlisted May 15 1861 in New York City
Muster June 21 1861 in New York
Captured March 1862 in Prince William Counties; paroled in May 1862 at Newport News; captured again at Manassas in August 1862; re-joined his regiment in Dec 1862; promoted to corporal on Feb 8 1863; bled to death after Gettysburg. July 2 1863.",State-only location is approximate and may reflect regiment origin rather than exact enlistment place.,,
117,Alfred Wong (Might be Alfred W Wingo),Army,Confederate,1,residence_at_enlistment,,,,approximate,important_notes,Enlisted 1862,Residence listed in notes; standardized place is best city/state match for mapping.,,
118,Alfred Wong (Might be Alfred W Wingo),Army,Confederate,2,enlistment_or_service_state,1862,Virginia,Virginia,approximate,regiment_state + important_notes,Enlisted 1862,State-only location is approximate and may reflect regiment origin rather than exact enlistment place.,,
119,Tannroi Acoaw (Tannror Acoan),Navy,Union,1,residence_at_enlistment,,,,approximate,important_notes,Enlisted August 1862,Residence listed in notes; standardized place is best city/state match for mapping.,,
120,John Afoo,Navy,Union,1,birth_place,1821,China (Swarthy complexion?),China (Swarthy complexion?),exact,born_if_known,China (Swarthy complexion?); born 1821,,,
121,John Afoo,Navy,Union,2,residence_at_enlistment,,,,approximate,important_notes,"Enlisted March 1862, March 1863: U.S.S. Wyandank",Residence listed in notes; standardized place is best city/state match for mapping.,,
122,John Afoo,Navy,Union,3,enlistment_or_service_state,March 1862,New York,New York,approximate,regiment_state + important_notes,"Enlisted March 1862, March 1863: U.S.S. Wyandank",State-only location is approximate and may reflect regiment origin rather than exact enlistment place.,,
123,John Afoo,Navy,Union,1,birth_place,1820,China,China,exact,born_if_known,"China, 1820",,,
124,John Afoo,Navy,Union,2,residence_at_enlistment,,,,approximate,important_notes,"Enlisted March 31, 1864",Residence listed in notes; standardized place is best city/state match for mapping.,,
125,John Afoo,Navy,Union,3,rendezvous_or_enlistment,"March 31, 1864","Washington, D.C","Washington, D.C",approximate,regiment_state + important_notes,"Enlisted March 31, 1864",,,
126,Ah Chee,Navy,Union,1,birth_place,,China,China,exact,born_if_known,China,,,
127,Ah Chee,Navy,Union,2,residence_at_enlistment,,,,approximate,important_notes,"Enlisted March 8 1865
Discharged March 7 1866
Likely fought in the Mexican-American War 
After the war:
Enlisted in New York, Nov 21 1884. ""Mongolian""",Residence listed in notes; standardized place is best city/state match for mapping.,,
128,Ah Chee,Navy,Union,3,enlistment_or_service_state,"March 8, 1865",New York,New York,approximate,important_notes,"Enlisted March 8 1865
Discharged March 7 1866
Likely fought in the Mexican-American War 
After the war:
Enlisted in New York, Nov 21 1884. ""Mongolian""",Residence listed in notes; standardized place is best city/state match for mapping.,,
129,Ah Chee,Navy,Union,4,discharge_or_muster_out,March 7 1866,New York,New York,approximate,important_notes,"Enlisted March 8 1865
Discharged March 7 1866
Likely fought in the Mexican-American War 
After the war:
Enlisted in New York, Nov 21 1884. ""Mongolian""",,,
130,Ah Poa,Navy,Union,1,birth_place,,China,China,exact,born_if_known,China,,,
131,Ah Poa,Navy,Union,2,residence_at_enlistment,,,,approximate,important_notes,Enlisted March 1865,Residence listed in notes; standardized place is best city/state match for mapping.,,
132,John Ah Shoen (Shen) (Shon) (shun),Navy,Union,1,birth_place,,"Macao, China","Macao, China",exact,born_if_known,"Macao, China",,,
133,John Ah Shoen (Shen) (Shon) (shun),Navy,Union,2,residence_at_enlistment,1859,arrived to the United States,United States,approximate,important_notes,"Enlisted: December 8th, 1861. U.S.S. Pursuit. Honorably discharged at St. Joseph's Bay January 1865. Filed for pension July 6, 1891.; Residence: 20 Mott St, New York, NY; failure to claim pension April 1898; Disabled by: ""Phithis pulmonalis, rheumatism, injury of left clavicle""; Came to the U.S. in 1859",Residence listed in notes; standardized place is best city/state match for mapping.,,
134,John Ah Shoen (Shen) (Shon) (shun),Navy,Union,3,enlistment_or_service_state,"December 8, 1861",U.S.S. Pursuit,New York City,approximate,important_notes,"Enlisted: December 8th, 1861. U.S.S. Pursuit. Honorably discharged at St. Joseph's Bay January 1865. Filed for pension July 6, 1891.; Residence: 20 Mott St, New York, NY; failure to claim pension April 1898; Disabled by: ""Phithis pulmonalis, rheumatism, injury of left clavicle""; Came to the U.S. in 1859",Residence listed in notes; standardized place is best city/state match for mapping.,,
135,John Ah Shoen (Shen) (Shon) (shun),Navy,Union,4,discharge_or_muster_out,"January 1, 1865","St. Joseph's Bay, Florida","St. Joseph's Bay, Florida",approximate,important_notes,"Enlisted: December 8th, 1861. U.S.S. Pursuit. Honorably discharged at St. Joseph's Bay January 1865. Filed for pension July 6, 1891.; Residence: 20 Mott St, New York, NY; failure to claim pension April 1898; Disabled by: ""Phithis pulmonalis, rheumatism, injury of left clavicle""; Came to the U.S. in 1859",Residence listed in notes; standardized place is best city/state match for mapping.,,
136,John Ah Shoen (Shen) (Shon) (shun),Navy,Union,5,residence_after_enlistment,1891,"20 Mott Street, New York, New York","20 Mott Street, New York, New York",approximate,important_notes,"Enlisted: December 8th, 1861. U.S.S. Pursuit. Honorably discharged at St. Joseph's Bay January 1865. Filed for pension July 6, 1891.; Residence: 20 Mott St, New York, NY; failure to claim pension April 1898; Disabled by: ""Phithis pulmonalis, rheumatism, injury of left clavicle""; Came to the U.S. in 1859",Residence listed in notes; standardized place is best city/state match for mapping.,,
137,Ah Sin,Navy,Union,1,birth_place,,China,China,exact,born_if_known,China,,,
138,Ah Sin,Navy,Union,2,residence_at_enlistment,,,,approximate,important_notes,Enlisted Dec. 1863,Residence listed in notes; standardized place is best city/state match for mapping.,,
139,Ah Soo,Navy,Union,1,birth_place,,China,China,exact,born_if_known,China,,,
140,Ah Soo,Navy,Union,2,residence_at_enlistment,,,,approximate,important_notes,Enlisted Sept 1863,Residence listed in notes; standardized place is best city/state match for mapping.,,
141,Ah wo,Navy,Union,1,birth_place,,China,China,exact,born_if_known,China,,,
142,Ah wo,Navy,Union,2,residence_at_enlistment,,,,approximate,important_notes,Enlisted Sept 1863,Residence listed in notes; standardized place is best city/state match for mapping.,,
143,Ah Wong (Could be Ah Hong),Navy,Union,1,birth_place,,China,China,exact,born_if_known,China,,,
144,Ah Wong (Could be Ah Hong),Navy,Union,2,residence_at_enlistment,,,,approximate,important_notes,Enlisted March 1865,Residence listed in notes; standardized place is best city/state match for mapping.,,
145,John Ahoy,Navy,Union,1,birth_place,1834,China,China,exact,born_if_known,"China, 1834",,,
146,John Ahoy,Navy,Union,2,residence_at_enlistment,,,,approximate,important_notes,"Enlisted March 3, 1862 (Same day as John Afoo); Complexion: ""Swarthy""; Relief, R.S. Boston, 2/20/64- Harvest Moon, Philadelphia, Discharged March 7, 1865 R. S. Phil",Residence listed in notes; standardized place is best city/state match for mapping.,,
147,John Ahoy,Navy,Union,3,enlistment_or_service_state,"March 3, 1862",New York,New York,approximate,regiment_state + important_notes,"Enlisted March 3, 1862 (Same day as John Afoo); Complexion: ""Swarthy""; Relief, R.S. Boston, 2/20/64- Harvest Moon, Philadelphia, Discharged March 7, 1865 R. S. Phil",State-only location is approximate and may reflect regiment origin rather than exact enlistment place.,,
148,John Ahoy,Navy,Union,4,service_station,"February 20, 1864",Boston Receiving Ship,"Boston, Massachusetts",approximate,regiment_state + important_notes,"Enlisted March 3, 1862 (Same day as John Afoo); Complexion: ""Swarthy""; Relief, R.S. Boston, 2/20/64- Harvest Moon, Philadelphia, Discharged March 7, 1865 R. S. Phil",State-only location is approximate and may reflect regiment origin rather than exact enlistment place.,,
149,John Ahoy,Navy,Union,5,service_station,1864,U.S.S Harvest Moon,Philadelphia,approximate,regiment_state + important_notes,"Enlisted March 3, 1862 (Same day as John Afoo); Complexion: ""Swarthy""; Relief, R.S. Boston, 2/20/64- Harvest Moon, Philadelphia, Discharged March 7, 1865 R. S. Phil",State-only location is approximate and may reflect regiment origin rather than exact enlistment place.,,
150,John Ahoy,Navy,Union,6,discharge_or_muster_out,"March 7, 1865",Philadelphia Receiving Ship,Philadelphia,approximate,important_notes,"Enlisted March 3, 1862 (Same day as John Afoo); Complexion: ""Swarthy""; Relief, R.S. Boston, 2/20/64- Harvest Moon, Philadelphia, Discharged March 7, 1865 R. S. Phil",,,
151,Thomas Ahoy,Navy,Union,1,birth_place,1836,"Macao, China","Macao, China",exact,born_if_known,"Macao, China, 1836",,,
152,Thomas Ahoy,Navy,Union,2,residence_at_enlistment,,,,approximate,important_notes,"Enlisted Nov 9th, 1860 for three years.; Occupation: ""Cook""; Complexion: ""Tawny""",Residence listed in notes; standardized place is best city/state match for mapping.,,
153,Thomas Ahoy,Navy,Union,3,enlistment_or_service_state,"November 9th, 1860",Philadelphia,Philadelphia,approximate,regiment_state + important_notes,"Enlisted Nov 9th, 1860 for three years.; Occupation: ""Cook""; Complexion: ""Tawny""",State-only location is approximate and may reflect regiment origin rather than exact enlistment place.,,
154,John Akee,Navy,Union,1,birth_place,1844,China,China,exact,born_if_known,"China, 1844",,,
155,John Akee,Navy,Union,2,residence_at_enlistment,1864,"New York, Third District, Brooklyn","Brooklyn, New York",exact,important_notes,"Enlisted May 24th, 1864.; Residence: New York, Third District, Brooklyn; Occupation: Steward; ""Scars under left arm and over left eyebrow (dark spot on belly""; 7-2-64: Tallapoosa Pursuit D. May 27.; 1865 R.S.N.Y. late Tallapoosa",Residence listed in notes; standardized place is best city/state match for mapping.,,
156,John Akee,Navy,Union,3,enlistment_or_service_state,"May 24th, 1864",New York,New York,exact,regiment_state + important_notes,"Enlisted May 24th, 1864.; Residence: New York, Third District, Brooklyn; Occupation: Steward; ""Scars under left arm and over left eyebrow (dark spot on belly""; 7-2-64: Tallapoosa Pursuit D. May 27.; 1865 R.S.N.Y. late Tallapoosa",State-only location is approximate and may reflect regiment origin rather than exact enlistment place.,,
157,John Akee,Navy,Union,4,service_station,"July 2, 1864",U.S.S. Tallapoosa Pursuit,New York,exact,regiment_state + important_notes,"Enlisted May 24th, 1864.; Residence: New York, Third District, Brooklyn; Occupation: Steward; ""Scars under left arm and over left eyebrow (dark spot on belly""; 7-2-64: Tallapoosa Pursuit D. May 27.; 1865 R.S.N.Y. late Tallapoosa",State-only location is approximate and may reflect regiment origin rather than exact enlistment place.,,
158,John Akee,Navy,Union,5,discharge_or_muster_out,"May 27, 1865",R.S.N.Y. late Tallapoosa,New York,exact,regiment_state + important_notes,"Enlisted May 24th, 1864.; Residence: New York, Third District, Brooklyn; Occupation: Steward; ""Scars under left arm and over left eyebrow (dark spot on belly""; 7-2-64: Tallapoosa Pursuit D. May 27.; 1865 R.S.N.Y. late Tallapoosa",State-only location is approximate and may reflect regiment origin rather than exact enlistment place.,,
159,"John Ali, John Aie",Navy,Union,1,birth_place,,China,China,exact,born_if_known,China,,,
160,"John Ali, John Aie",Navy,Union,2,residence_at_enlistment,,,,approximate,important_notes,Enlisted May 1864.,Residence listed in notes; standardized place is best city/state match for mapping.,,
161,John Arnang (Arnung),Navy,Union,1,birth_place,1841,China,China,exact,born_if_known,"China, 1841-1842",,,
162,John Arnang (Arnung),Navy,Union,2,residence_at_enlistment,1864,"New York, 27th District, Wheeler","Wheeler, New York",approximate,important_notes,"Enlisted August 22, 1864; Residence: New York, 27th District, Wheeler; Occupation: Cook; ""Scar right shoulderblade and left forearm""",Residence listed in notes; standardized place is best city/state match for mapping.,,
163,John Arnang (Arnung),Navy,Union,3,enlistment_or_service_state,"August 22, 1864",New York,New York,approximate,regiment_state + important_notes,"Enlisted August 22, 1864; Residence: New York, 27th District, Wheeler; Occupation: Cook; ""Scar right shoulderblade and left forearm""",State-only location is approximate and may reflect regiment origin rather than exact enlistment place.,,
164,John Ase,Navy,Union,1,birth_place,1839,China,China,exact,born_if_known,"China, 1839",,,
165,John Ase,Navy,Union,2,residence_at_enlistment,1864,"New Jersey, Third District",New Jersey,approximate,important_notes,"Enlisted July 25, 1864.; Residence: New Jersey, Third District; Occupation: Cook; ""Scar right (?); tattooed both forearms""; 8-20-64: NA Squad-Minn-Mercedita; 2-11-65 Potomac; Fle. Rescue MR-65",Residence listed in notes; standardized place is best city/state match for mapping.,,
166,John Ase,Navy,Union,3,enlistment_or_service_state,"July 25, 1864",New York,New York,approximate,regiment_state + important_notes,"Enlisted July 25, 1864.; Residence: New Jersey, Third District; Occupation: Cook; ""Scar right (?); tattooed both forearms""; 8-20-64: NA Squad-Minn-Mercedita; 2-11-65 Potomac; Fle. Rescue MR-65",State-only location is approximate and may reflect regiment origin rather than exact enlistment place.,,
167,John Ase,Navy,Union,4,service_station,"August 20, 1864",NA Squad-Minn-Mercedita,Florida,approximate,regiment_state + important_notes,"Enlisted July 25, 1864.; Residence: New Jersey, Third District; Occupation: Cook; ""Scar right (?); tattooed both forearms""; 8-20-64: NA Squad-Minn-Mercedita; 2-11-65 Potomac; Fle. Rescue MR-65",State-only location is approximate and may reflect regiment origin rather than exact enlistment place.,,
168,John Ase,Navy,Union,5,service_station,"February 11, 1865",Potomac; Fle. Rescue MR-65,"Washington, D.C.",approximate,regiment_state + important_notes,"Enlisted July 25, 1864.; Residence: New Jersey, Third District; Occupation: Cook; ""Scar right (?); tattooed both forearms""; 8-20-64: NA Squad-Minn-Mercedita; 2-11-65 Potomac; Fle. Rescue MR-65",State-only location is approximate and may reflect regiment origin rather than exact enlistment place.,,
169,John Asian,Navy,Union,1,birth_place,,China,China,exact,born_if_known,China,,,
170,John Asian,Navy,Union,2,residence_at_enlistment,,,,approximate,important_notes,Enlisted May 1865,Residence listed in notes; standardized place is best city/state match for mapping.,,
171,John Assough,Navy,Union,1,birth_place,1832,China,China,exact,born_if_known,"China, 1832",,,
172,John Assough,Navy,Union,2,residence_at_enlistment,,,,approximate,important_notes,"Enlisted June 25, 1864. ""Scar Belly and left thigh""; 8-6-64: N. A. Squadron-Minn-Crusader; 6-30-65: Navy Yard- Washington, R; Aud. '99",Residence listed in notes; standardized place is best city/state match for mapping.,,
173,John Assough,Navy,Union,3,enlistment_or_service_state,"June 25, 1864",New York,New York,approximate,regiment_state + important_notes,"Enlisted June 25, 1864. ""Scar Belly and left thigh""; 8-6-64: N. A. Squadron-Minn-Crusader; 6-30-65: Navy Yard- Washington, R; Aud. '99",State-only location is approximate and may reflect regiment origin rather than exact enlistment place.,,
174,John Assough,Navy,Union,4,service_station,"August 6, 1864",N.A. Squadron-Minn-Crusader,Chesapeake Bay,approximate,regiment_state + important_notes,"Enlisted June 25, 1864. ""Scar Belly and left thigh""; 8-6-64: N. A. Squadron-Minn-Crusader; 6-30-65: Navy Yard- Washington, R; Aud. '99",State-only location is approximate and may reflect regiment origin rather than exact enlistment place.,,
175,John Assough,Navy,Union,5,service_station,"June 30, 1865",Navy Yard,"Washington, Navy Yard",approximate,regiment_state + important_notes,"Enlisted June 25, 1864. ""Scar Belly and left thigh""; 8-6-64: N. A. Squadron-Minn-Crusader; 6-30-65: Navy Yard- Washington, R; Aud. '99",State-only location is approximate and may reflect regiment origin rather than exact enlistment place.,,
176,A-Ti,Navy,,1,residence_at_enlistment,,,,approximate,important_notes,,Residence listed in notes; standardized place is best city/state match for mapping.,,
177,John Ching Ching,Navy,Union,1,birth_place,,"Hong Kong, China","Hong Kong, China",exact,born_if_known,"Hong Kong, China",,,
178,John Ching Ching,Navy,Union,2,residence_at_enlistment,,,,approximate,important_notes,w,Residence listed in notes; standardized place is best city/state match for mapping.,,
179,John Ching Ching,Navy,Union,3,enlistment_or_service_state,,New Orleans,New Orleans,approximate,regiment_state + important_notes,w,State-only location is approximate and may reflect regiment origin rather than exact enlistment place.,,
180,John Ching Chong,Navy,Union,1,birth_place,,China,China,exact,born_if_known,China,,,
181,John Ching Chong,Navy,Union,2,residence_at_enlistment,,,,approximate,important_notes,1863 muster roll,Residence listed in notes; standardized place is best city/state match for mapping.,,
182,John Comfort,Navy,Union,1,birth_place,1845,China,China,exact,born_if_known,China,,,
183,John Comfort,Navy,Union,2,residence_at_enlistment,,,,approximate,important_notes,"Married Au Kung Ling in Hong Kong in 1878, died April 6, 1907. ; U.S.S North Carolina, Seneca, and Constellation. Had one daughter Tai Kau, July 27 1899.; Complexion: ""Copper""; Occupation priot to enlisting: ""Steward""; Possible scar on right temple.; Enlisted September 27, 1864. Discharged October 1866.",Residence listed in notes; standardized place is best city/state match for mapping.,,
184,John Comfort,Navy,Union,3,enlistment_or_service_state,"September 27, 1864",New York,New York,approximate,important_notes,"Married Au Kung Ling in Hong Kong in 1878, died April 6, 1907. ; U.S.S North Carolina, Seneca, and Constellation. Had one daughter Tai Kau, July 27 1899.; Complexion: ""Copper""; Occupation priot to enlisting: ""Steward""; Possible scar on right temple.; Enlisted September 27, 1864. Discharged October 1866.",Residence listed in notes; standardized place is best city/state match for mapping.,,
185,John Comfort,Navy,Union,4,discharge_or_muster_out,"October 26, 1866",New York,New York,approximate,important_notes,"Married Au Kung Ling in Hong Kong in 1878, died April 6, 1907. ; U.S.S North Carolina, Seneca, and Constellation. Had one daughter Tai Kau, July 27 1899.; Complexion: ""Copper""; Occupation priot to enlisting: ""Steward""; Possible scar on right temple.; Enlisted September 27, 1864. Discharged October 1866.",Residence listed in notes; standardized place is best city/state match for mapping.,,
186,John Comfort,Navy,Union,5,residence_after_enlistment,1895,New York City,New York City,approximate,important_notes,"Married Au Kung Ling in Hong Kong in 1878, died April 6, 1907. ; U.S.S North Carolina, Seneca, and Constellation. Had one daughter Tai Kau, July 27 1899.; Complexion: ""Copper""; Occupation priot to enlisting: ""Steward""; Possible scar on right temple.; Enlisted September 27, 1864. Discharged October 1866.",Residence listed in notes; standardized place is best city/state match for mapping.,,
187,John Comfort,Navy,Union,6,dead,6-Apr-07,New York,New York,approximate,important_notes,"Married Au Kung Ling in Hong Kong in 1878, died April 6, 1907. ; U.S.S North Carolina, Seneca, and Constellation. Had one daughter Tai Kau, July 27 1899.; Complexion: ""Copper""; Occupation priot to enlisting: ""Steward""; Possible scar on right temple.; Enlisted September 27, 1864. Discharged October 1866.",Residence listed in notes; standardized place is best city/state match for mapping.,,
188,Joseph Cross,Navy,,1,residence_at_enlistment,,,,approximate,important_notes,,Residence listed in notes; standardized place is best city/state match for mapping.,,
189,"Joseph Daily, Dailey",Navy,Union,1,birth_place,1840,China,China,exact,born_if_known,"China, 1840",,,
190,"Joseph Daily, Dailey",Navy,Union,2,residence_at_enlistment,,,,approximate,important_notes,"""Swarthy Complexion"". Enlisted: August 20th, 1864",Residence listed in notes; standardized place is best city/state match for mapping.,,
191,"Joseph Daily, Dailey",Navy,Union,3,enlistment_or_service_state,"August 20th, 1864",New York,New York,approximate,regiment_state + important_notes,"""Swarthy Complexion"". Enlisted: August 20th, 1864",State-only location is approximate and may reflect regiment origin rather than exact enlistment place.,,
192,John Dixey,Navy,Union,1,birth_place,,China,China,exact,born_if_known,China,,,
193,John Dixey,Navy,Union,2,residence_at_enlistment,,,,approximate,important_notes,Enlisted July 1865,Residence listed in notes; standardized place is best city/state match for mapping.,,
194,John R. Foote,Navy,Union,1,birth_place,1831,China,China,exact,born_if_known,"China, 1831",,,
195,John R. Foote,Navy,Union,2,residence_at_enlistment,,,,approximate,important_notes,"Enlisted: April 24th, 1863. Occupation: Cook",Residence listed in notes; standardized place is best city/state match for mapping.,,
196,John R. Foote,Navy,Union,3,enlistment_or_service_state,"April 24th, 1863",New York,New York,approximate,regiment_state + important_notes,"Enlisted: April 24th, 1863. Occupation: Cook",State-only location is approximate and may reflect regiment origin rather than exact enlistment place.,,
197,John (Ah) Hang (William Hang? Tonk Kee Hang),Navy,Union,1,birth_place,1841,"Canton, China","Canton, China",exact,born_if_known,"Canton, China, July 17, 1841",,,
198,John (Ah) Hang (William Hang? Tonk Kee Hang),Navy,Union,2,residence_at_enlistment,,,,approximate,important_notes,"Enlisted: July 24, 1863. U.S.S Albatross and Penguin Final Discharge: Sept. 30, 1864. GAR muster date: 15 Jun, 1920 in New York. Occupation after War: Tobacco Merchant. Residence after war: Soldiers and Sailors Home; No.8 Franklin street, New York City; Had a business at 500 Pearl Street and on Mott Street; Pension Approved: https://www.fold3.com/image/67165789/hang-john-page-117-us-navy-survivors-certificates-1861-1910; William Hang Confusion: Took the name of William at the urging of his first wife; Married Twice: Jennie Busch, 1868 in Savannah Georgia, died at West Brighton Staten Island. Second was to Maggie Duffy in 1878 and she died in April 1887 at West Brighton Staten Island. Widower at time of interview, 1917.; Attempted to naturalize but faced legal struggles and failed.; Died in Staten Island Hospital on December 3rd, 1923",Residence listed in notes; standardized place is best city/state match for mapping.,,
199,John (Ah) Hang (William Hang? Tonk Kee Hang),Navy,Union,3,enlistment_or_service_state,"July 24, 1863",New York,New York,approximate,regiment_state + important_notes,"Enlisted: July 24, 1863. U.S.S Albatross and Penguin Final Discharge: Sept. 30, 1864. GAR muster date: 15 Jun, 1920 in New York. Occupation after War: Tobacco Merchant. Residence after war: Soldiers and Sailors Home; No.8 Franklin street, New York City; Had a business at 500 Pearl Street and on Mott Street; Pension Approved: https://www.fold3.com/image/67165789/hang-john-page-117-us-navy-survivors-certificates-1861-1910; William Hang Confusion: Took the name of William at the urging of his first wife; Married Twice: Jennie Busch, 1868 in Savannah Georgia, died at West Brighton Staten Island. Second was to Maggie Duffy in 1878 and she died in April 1887 at West Brighton Staten Island. Widower at time of interview, 1917.; Attempted to naturalize but faced legal struggles and failed.; Died in Staten Island Hospital on December 3rd, 1923",State-only location is approximate and may reflect regiment origin rather than exact enlistment place.,,
200,John (Ah) Hang (William Hang? Tonk Kee Hang),Navy,Union,4,discharge_or_muster_out,"September 30, 1864",New York,New York,approximate,regiment_state + important_notes,"Enlisted: July 24, 1863. U.S.S Albatross and Penguin Final Discharge: Sept. 30, 1864. GAR muster date: 15 Jun, 1920 in New York. Occupation after War: Tobacco Merchant. Residence after war: Soldiers and Sailors Home; No.8 Franklin street, New York City; Had a business at 500 Pearl Street and on Mott Street; Pension Approved: https://www.fold3.com/image/67165789/hang-john-page-117-us-navy-survivors-certificates-1861-1910; William Hang Confusion: Took the name of William at the urging of his first wife; Married Twice: Jennie Busch, 1868 in Savannah Georgia, died at West Brighton Staten Island. Second was to Maggie Duffy in 1878 and she died in April 1887 at West Brighton Staten Island. Widower at time of interview, 1917.; Attempted to naturalize but faced legal struggles and failed.; Died in Staten Island Hospital on December 3rd, 1923",State-only location is approximate and may reflect regiment origin rather than exact enlistment place.,,
201,John (Ah) Hang (William Hang? Tonk Kee Hang),Navy,Union,5,residence_after_enlistment,1917,Soldiers' and Sailors' Home,New York City,approximate,regiment_state + important_notes,"Enlisted: July 24, 1863. U.S.S Albatross and Penguin Final Discharge: Sept. 30, 1864. GAR muster date: 15 Jun, 1920 in New York. Occupation after War: Tobacco Merchant. Residence after war: Soldiers and Sailors Home; No.8 Franklin street, New York City; Had a business at 500 Pearl Street and on Mott Street; Pension Approved: https://www.fold3.com/image/67165789/hang-john-page-117-us-navy-survivors-certificates-1861-1910; William Hang Confusion: Took the name of William at the urging of his first wife; Married Twice: Jennie Busch, 1868 in Savannah Georgia, died at West Brighton Staten Island. Second was to Maggie Duffy in 1878 and she died in April 1887 at West Brighton Staten Island. Widower at time of interview, 1917.; Attempted to naturalize but faced legal struggles and failed.; Died in Staten Island Hospital on December 3rd, 1923",State-only location is approximate and may reflect regiment origin rather than exact enlistment place.,,
202,John (Ah) Hang (William Hang? Tonk Kee Hang),Navy,Union,6,location_after_ war,15-Jun-20,GAR muster,New York,approximate,regiment_state + important_notes,"Enlisted: July 24, 1863. U.S.S Albatross and Penguin Final Discharge: Sept. 30, 1864. GAR muster date: 15 Jun, 1920 in New York. Occupation after War: Tobacco Merchant. Residence after war: Soldiers and Sailors Home; No.8 Franklin street, New York City; Had a business at 500 Pearl Street and on Mott Street; Pension Approved: https://www.fold3.com/image/67165789/hang-john-page-117-us-navy-survivors-certificates-1861-1910; William Hang Confusion: Took the name of William at the urging of his first wife; Married Twice: Jennie Busch, 1868 in Savannah Georgia, died at West Brighton Staten Island. Second was to Maggie Duffy in 1878 and she died in April 1887 at West Brighton Staten Island. Widower at time of interview, 1917.; Attempted to naturalize but faced legal struggles and failed.; Died in Staten Island Hospital on December 3rd, 1923",State-only location is approximate and may reflect regiment origin rather than exact enlistment place.,,
203,John (Ah) Hang (William Hang? Tonk Kee Hang),Navy,Union,7,death_place,3-Dec-23,Staten Island Hospital,"Staten Island, New York",approximate,regiment_state + important_notes,"Enlisted: July 24, 1863. U.S.S Albatross and Penguin Final Discharge: Sept. 30, 1864. GAR muster date: 15 Jun, 1920 in New York. Occupation after War: Tobacco Merchant. Residence after war: Soldiers and Sailors Home; No.8 Franklin street, New York City; Had a business at 500 Pearl Street and on Mott Street; Pension Approved: https://www.fold3.com/image/67165789/hang-john-page-117-us-navy-survivors-certificates-1861-1910; William Hang Confusion: Took the name of William at the urging of his first wife; Married Twice: Jennie Busch, 1868 in Savannah Georgia, died at West Brighton Staten Island. Second was to Maggie Duffy in 1878 and she died in April 1887 at West Brighton Staten Island. Widower at time of interview, 1917.; Attempted to naturalize but faced legal struggles and failed.; Died in Staten Island Hospital on December 3rd, 1923",State-only location is approximate and may reflect regiment origin rather than exact enlistment place.,,
204,John Harry,Navy,Union,1,birth_place,1834,China,China,exact,born_if_known,"China, 1834",,,
205,John Harry,Navy,Union,2,residence_at_enlistment,1864,"New Jersey, Fifth District, Newark","Newark, New Jersey",approximate,important_notes,"Enlisted: June 25th, 1864: Residence- New Jersey, Fifth District, Newark. Occupation: Cook",Residence listed in notes; standardized place is best city/state match for mapping.,,
206,John Harry,Navy,Union,3,enlistment_or_service_state,"June 25, 1864",New York,New York,approximate,regiment_state + important_notes,"Enlisted: June 25th, 1864: Residence- New Jersey, Fifth District, Newark. Occupation: Cook",State-only location is approximate and may reflect regiment origin rather than exact enlistment place.,,
207,George Hitchings,Navy,Union,1,birth_place,1837,China,China,exact,born_if_known,"China, 1837-1838",,,
208,George Hitchings,Navy,Union,2,residence_at_enlistment,,,,approximate,important_notes,"Enlisted: February 1862. Occupation: Cook. ""Chinese""",Residence listed in notes; standardized place is best city/state match for mapping.,,
209,George Hitchings,Navy,Union,3,enlistment_or_service_state,February 1862,Boston,Boston,approximate,regiment_state + important_notes,"Enlisted: February 1862. Occupation: Cook. ""Chinese""",State-only location is approximate and may reflect regiment origin rather than exact enlistment place.,,
210,John How,Navy,Union,1,birth_place,1834,China,China,exact,born_if_known,"China, 1834",,,
211,John How,Navy,Union,2,residence_at_enlistment,,,,approximate,important_notes,"""Career: Cook"" Enlisted July 5th, 1864 for 3 years; Race: White; ""Five scars on forehead""",Residence listed in notes; standardized place is best city/state match for mapping.,,
212,John How,Navy,Union,3,rendezvous_or_enlistment,"July 5, 1864","Kingston, Ulster, New York","Kingston, Ulster, New York",approximate,regiment_state + important_notes,"""Career: Cook"" Enlisted July 5th, 1864 for 3 years; Race: White; ""Five scars on forehead""",,,
213,Charles Irwin,Navy,Union,1,birth_place,1838,"Hong Kong, China","Hong Kong, China",exact,born_if_known,"Hong Kong, China, 1838",,,
214,Charles Irwin,Navy,Union,2,residence_at_enlistment,,,,approximate,important_notes,"Enlisted: Nov. 30, 1861 for 3 years; Occupation: Mariner; ""Dark"" Complexion",Residence listed in notes; standardized place is best city/state match for mapping.,,
215,Charles Irwin,Navy,Union,3,enlistment_or_service_state,"November 30, 1861",Philadelphia,Philadelphia,approximate,regiment_state + important_notes,"Enlisted: Nov. 30, 1861 for 3 years; Occupation: Mariner; ""Dark"" Complexion",State-only location is approximate and may reflect regiment origin rather than exact enlistment place.,,
216,Ki-Ying,Navy,Union,1,birth_place,1840,"Canton, China","Canton, China",exact,born_if_known,"Canton, China, born 1840-1841",,,
217,Ki-Ying,Navy,Union,2,residence_at_enlistment,,,,approximate,important_notes,"Enlisted: Nov. 30, 1861 for 3 years; https://www.fold3.com/sub-image/268540010/ki-ying-blank-us-naval-enlistment-weekly-returns-1855-1891. https://www.fold3.com/search?docQuery=(filters:!((type:military.conflict,values:!((label:US+Civil+War,value:US+Civil+War),(label:%27Civil+War+(Union)%27,value:%27Civil+War+(Union)%27)))),keywords:Ki-Ying); https://www.fold3.com/image/309952563/ki-ying-page-1-us-rendezvous-reports-index-civil-war-1861-1865",Residence listed in notes; standardized place is best city/state match for mapping.,,
218,Ki-Ying,Navy,Union,3,enlistment_or_service_state,"November 30, 1861",New York,New York,approximate,regiment_state + important_notes,"Enlisted: Nov. 30, 1861 for 3 years; https://www.fold3.com/sub-image/268540010/ki-ying-blank-us-naval-enlistment-weekly-returns-1855-1891. https://www.fold3.com/search?docQuery=(filters:!((type:military.conflict,values:!((label:US+Civil+War,value:US+Civil+War),(label:%27Civil+War+(Union)%27,value:%27Civil+War+(Union)%27)))),keywords:Ki-Ying); https://www.fold3.com/image/309952563/ki-ying-page-1-us-rendezvous-reports-index-civil-war-1861-1865",State-only location is approximate and may reflect regiment origin rather than exact enlistment place.,,
219,Kwong Lee,Navy,Union,1,birth_place,1839,China,China,exact,born_if_known,"China, 1839",,,
220,Kwong Lee,Navy,Union,2,residence_at_enlistment,,,,approximate,important_notes,"Served in 1862 ""aboard a gunboat which carried the mails for the army up and down the Mississippi""
Allegedly shot five times.
""Kwong Lee was shot five times in the defense of the country of which he was not yet a citizen. Besides the bullet hole in the head, he has another in the breast, one in the left leg, one in the right foot and a shell wound in the hip."" -The San Francisco Call
Became a naturalized citizen in 1874-- Turns out he lied about it
https://bluegraychinese.blogspot.com/search/label/Kwong%20Lee",Residence listed in notes; standardized place is best city/state match for mapping.,,
221,"Antonio Lofes (Lopes, Lopez)",Navy,Union,1,birth_place,,Unknown,Unknown,exact,born_if_known,Unknown,,,
222,"Antonio Lofes (Lopes, Lopez)",Navy,Union,2,residence_at_enlistment,,,,approximate,important_notes,"Enlisted: August 27th, 1864. Record of service: 9/3/64, N.A. Squad., S. de Cuba, to Princeton June 17/65 ""Never reported"" Aud. '99 He literally vanishes, no record of him after this.",Residence listed in notes; standardized place is best city/state match for mapping.,,
223,"Antonio Lofes (Lopes, Lopez)",Navy,Union,3,rendezvous_or_enlistment,"August 27, 1864","Brooklyn, New York","Brooklyn, New York",approximate,regiment_state + important_notes,"Enlisted: August 27th, 1864. Record of service: 9/3/64, N.A. Squad., S. de Cuba, to Princeton June 17/65 ""Never reported"" Aud. '99 He literally vanishes, no record of him after this.",,,
224,"Antonio Lofes (Lopes, Lopez)",Navy,Union,4,service_station,"September 3, 1864","N.A. Squad., S. de Cuba, to Princeton",,approximate,regiment_state + important_notes,"Enlisted: August 27th, 1864. Record of service: 9/3/64, N.A. Squad., S. de Cuba, to Princeton June 17/65 ""Never reported"" Aud. '99 He literally vanishes, no record of him after this.",,,
225,Marcella Montez,Navy,,1,birth_place,,Not found on fold,Not found on fold,exact,born_if_known,Not found on fold 3,,,
226,Marcella Montez,Navy,,2,residence_at_enlistment,,,,approximate,important_notes,,Residence listed in notes; standardized place is best city/state match for mapping.,,
227,Peter Mullen,Navy,Union,1,birth_place,1836,China,China,exact,born_if_known,"China, born 1836",,,
228,Peter Mullen,Navy,Union,2,residence_at_enlistment,,,,approximate,important_notes,"""Swarthy"" Complexion: Enlisted April 16th, 1864. Record of Service: 4/13/64- Onondaga. Discharged July 24th, 1865. Occupation: Mariner",Residence listed in notes; standardized place is best city/state match for mapping.,,
229,Peter Mullen,Navy,Union,3,enlistment_or_service_state,"April 16, 1864",New York,New York,approximate,regiment_state + important_notes,"""Swarthy"" Complexion: Enlisted April 16th, 1864. Record of Service: 4/13/64- Onondaga. Discharged July 24th, 1865. Occupation: Mariner",State-only location is approximate and may reflect regiment origin rather than exact enlistment place.,,
230,Peter Mullen,Navy,Union,4,service_station,"April 13, 1864",U.S.S. Onondaga,Virginia,approximate,regiment_state + important_notes,"""Swarthy"" Complexion: Enlisted April 16th, 1864. Record of Service: 4/13/64- Onondaga. Discharged July 24th, 1865. Occupation: Mariner",State-only location is approximate and may reflect regiment origin rather than exact enlistment place.,,
231,John Owens,Navy,Union,1,birth_place,,China,China,exact,born_if_known,China,,,
232,John Owens,Navy,Union,2,residence_at_enlistment,,,,approximate,important_notes,"any relation? https://www.ancestry.com/offers/join?dbid=1107&gsfn&gsln&h=116249&url=http%3A%2F%2Fwww.ancestry.com%2Fsearch%2Fcollections%2F1107%2Frecords%2F116249
Enlisted May 1865",Residence listed in notes; standardized place is best city/state match for mapping.,,
233,Lester L. Russell (Could also be Dexter Russell),Navy,Union,1,birth_place,,China,China,exact,born_if_known,China,,,
234,Lester L. Russell (Could also be Dexter Russell),Navy,Union,2,residence_at_enlistment,,,,approximate,important_notes,Enlisted May 1863.,Residence listed in notes; standardized place is best city/state match for mapping.,,
235,John Shin,Navy,Union,1,birth_place,1840,China,China,exact,born_if_known,"China, 1840, 24 at enlistment",,,
236,John Shin,Navy,Union,2,residence_at_enlistment,,,,approximate,important_notes,"https://catalog.archives.gov/search?page=1&q=john%20shin , https://www.fold3.com/external/ANCESTRY_DOCUMENT/3563363:1555?memorial=658558712; Occupation before war: ""Clerk and Steward""; Eyes, Hair, Complexion: Black, black, dark.; 5'6''; scars on both cheeks; Enlisted: August 27th, 1864",Residence listed in notes; standardized place is best city/state match for mapping.,,
237,John Shin,Navy,Union,3,rendezvous_or_enlistment,"August 27th, 1864","Huron, New York, district 24","Huron, New York, district 24",approximate,regiment_state + important_notes,"https://catalog.archives.gov/search?page=1&q=john%20shin , https://www.fold3.com/external/ANCESTRY_DOCUMENT/3563363:1555?memorial=658558712; Occupation before war: ""Clerk and Steward""; Eyes, Hair, Complexion: Black, black, dark.; 5'6''; scars on both cheeks; Enlisted: August 27th, 1864",,,
238,John Smith,Navy,Union,1,birth_place,1829,China,China,exact,born_if_known,"China, 1829",,,
239,John Smith,Navy,Union,2,residence_at_enlistment,,,,approximate,important_notes,"U.S. Naval Hospital in Pensacola, Florida,  Jan 24 1864",Residence listed in notes; standardized place is best city/state match for mapping.,,
240,Thomas Smith,Navy,Union,1,birth_place,1831,"Hong Kong, China","Hong Kong, China",exact,born_if_known,"Hong Kong, China, 1831",,,
241,Thomas Smith,Navy,Union,2,residence_at_enlistment,,,,approximate,important_notes,Enlistment Nov 26 1861,Residence listed in notes; standardized place is best city/state match for mapping.,,
242,Thomas Smith,Navy,Union,3,enlistment_or_service_state,"November 26, 1861",Philadelphia,Philadelphia,approximate,regiment_state + important_notes,Enlistment Nov 26 1861,State-only location is approximate and may reflect regiment origin rather than exact enlistment place.,,
243,Robert Spicer,Navy,Union,1,birth_place,1842,"Shanghai, China","Shanghai, China",exact,born_if_known,"Shanghai, China, born 1842",,,
244,Robert Spicer,Navy,Union,2,residence_at_enlistment,1856,"Mystic, Connecticut","Mystic, Connecticut",approximate,important_notes,"married Alice Summers Spicer 1875 at St. Marks Church, served four years on U.S.S Sabine., Died 1890 or 1900. 1880 census- recorded as fisherman. 1860 census, listed as laboror at 17. have a picture of him!",Residence listed in notes; standardized place is best city/state match for mapping.,,
245,Robert Spicer,Navy,Union,3,enlistment_or_service_state,"July 21, 1862",U.S.S. Sabine,"New London, Connecticut",approximate,regiment_state + important_notes,"married Alice Summers Spicer 1875 at St. Marks Church, served four years on U.S.S Sabine., Died 1890 or 1900. 1880 census- recorded as fisherman. 1860 census, listed as laboror at 17. have a picture of him!",,,
246,Robert Spicer,Navy,Union,4,discharge_or_muster_out,"July 19, 1863",U.S.S. Sabine,"New London, Connecticut",approximate,regiment_state + important_notes,"married Alice Summers Spicer 1875 at St. Marks Church, served four years on U.S.S Sabine., Died 1890 or 1900. 1880 census- recorded as fisherman. 1860 census, listed as laboror at 17. have a picture of him!",,,
247,Robert Spicer,Navy,Union,5,residence_after_enlistment,1880,"Noank, Connecticut","New London, Connecticut",approximate,regiment_state + important_notes,"married Alice Summers Spicer 1875 at St. Marks Church, served four years on U.S.S Sabine., Died 1890 or 1900. 1880 census- recorded as fisherman. 1860 census, listed as laboror at 17. have a picture of him!",,,
248,Robert Spicer,Navy,Union,6,death_place,26-Mar-00,Noank Cemetery,"Noank, Connecticut",approximate,regiment_state + important_notes,"married Alice Summers Spicer 1875 at St. Marks Church, served four years on U.S.S Sabine., Died 1890 or 1900. 1880 census- recorded as fisherman. 1860 census, listed as laboror at 17. have a picture of him!",,,
249,John Thompson,Navy,,1,birth_place,,Revisit this later!,Revisit this later!,exact,born_if_known,Revisit this later!,,,
250,John Thompson,Navy,,2,residence_at_enlistment,,,,approximate,important_notes,"Link ""might"" be him, will return to this when i can",Residence listed in notes; standardized place is best city/state match for mapping.,,
251,Samuel Thompson (same as below),Navy,,1,residence_at_enlistment,,,,approximate,important_notes,,Residence listed in notes; standardized place is best city/state match for mapping.,,
252,Samuel Thompson,Navy,Union,1,birth_place,1844,China,China,exact,born_if_known,"China, born 1844",,,
253,Samuel Thompson,Navy,Union,2,residence_at_enlistment,,,,approximate,important_notes,"""Yellow"" Complexion
Enlisted: July 15th, 1864
Discharged: October 16, 1865 in New York",Residence listed in notes; standardized place is best city/state match for mapping.,,
254,Samuel Thompson,Navy,Union,3,enlistment_or_service_state,"July 15, 1864",New York,New York,approximate,regiment_state + important_notes,"""Yellow"" Complexion
Enlisted: July 15th, 1864
Discharged: October 16, 1865 in New York",State-only location is approximate and may reflect regiment origin rather than exact enlistment place.,,
255,Samuel Thompson,Navy,Union,4,discharge_or_muster_out,"October 16, 1865",New York,New York,approximate,regiment_state + important_notes,"""Yellow"" Complexion
Enlisted: July 15th, 1864
Discharged: October 16, 1865 in New York",State-only location is approximate and may reflect regiment origin rather than exact enlistment place.,,
256,John A. Wing,Navy,Union,1,birth_place,1838,China,China,exact,born_if_known,"China, born abt 1838",,,
257,John A. Wing,Navy,Union,2,residence_at_enlistment,,,,approximate,important_notes,"naval hospital admission, rank listed as ""leds"", sick with a perpetual fever ""Feb Contus Communis"" (?). Still looking for more information on him. https://www.fold3.com/sub-image/287639091/wing-john-a-us-pension-numerical-index-1860-1934 (pension certificate) 
Enlisted Dec. 1861
Admittance date to New York hospital: April 4 1865
Discharge date May 4 1865",Residence listed in notes; standardized place is best city/state match for mapping.,,
258,John A. Wing,Navy,Union,3,enlistment_or_service_state,December 1861,New York,New York,approximate,regiment_state + important_notes,"naval hospital admission, rank listed as ""leds"", sick with a perpetual fever ""Feb Contus Communis"" (?). Still looking for more information on him. https://www.fold3.com/sub-image/287639091/wing-john-a-us-pension-numerical-index-1860-1934 (pension certificate) 
Enlisted Dec. 1861
Admittance date to New York hospital: April 4 1865
Discharge date May 4 1865",State-only location is approximate and may reflect regiment origin rather than exact enlistment place.,,
259,John A. Wing,Navy,Union,4,service_station,April 1865,Brooklyn Naval Hospital,"Brooklyn, New York",approximate,regiment_state + important_notes,"naval hospital admission, rank listed as ""leds"", sick with a perpetual fever ""Feb Contus Communis"" (?). Still looking for more information on him. https://www.fold3.com/sub-image/287639091/wing-john-a-us-pension-numerical-index-1860-1934 (pension certificate) 
Enlisted Dec. 1861
Admittance date to New York hospital: April 4 1865
Discharge date May 4 1865",State-only location is approximate and may reflect regiment origin rather than exact enlistment place.,,
260,John A. Wing,Navy,Union,5,discharge_or_muster_out,May 1865,New York,New York,approximate,regiment_state + important_notes,"naval hospital admission, rank listed as ""leds"", sick with a perpetual fever ""Feb Contus Communis"" (?). Still looking for more information on him. https://www.fold3.com/sub-image/287639091/wing-john-a-us-pension-numerical-index-1860-1934 (pension certificate) 
Enlisted Dec. 1861
Admittance date to New York hospital: April 4 1865
Discharge date May 4 1865",State-only location is approximate and may reflect regiment origin rather than exact enlistment place.,,
261,John Wylee (Wyhie),Navy,Union,1,birth_place,1834,China,China,exact,born_if_known,"China, born 1834",,,
262,John Wylee (Wyhie),Navy,Union,2,residence_at_enlistment,,,,approximate,important_notes,"""Swarthy Complexion."" Enlisted March 8th, 1862. Relief, R.S. Boston ‚Äö√Ñ√Æ Feb. 20, 1864; Harvest Moon ‚Äö√Ñ√Æ Mar. 5, 1864; Dis. Nov. 28, 1865 ‚Äö√Ñ√Æ R.S. Phila.",Residence listed in notes; standardized place is best city/state match for mapping.,,
263,John Wylee (Wyhie),Navy,Union,3,enlistment_or_service_state,"March 8, 1862",New York ,New York,approximate,regiment_state + important_notes,"""Swarthy Complexion."" Enlisted March 8th, 1862. Relief, R.S. Boston ‚Äö√Ñ√Æ Feb. 20, 1864; Harvest Moon ‚Äö√Ñ√Æ Mar. 5, 1864; Dis. Nov. 28, 1865 ‚Äö√Ñ√Æ R.S. Phila.",State-only location is approximate and may reflect regiment origin rather than exact enlistment place.,,
264,John Wylee (Wyhie),Navy,Union,4,service_station,"February 20, 1864","Relief, R.S. Boston",Boston Navy Yard,approximate,regiment_state + important_notes,"""Swarthy Complexion."" Enlisted March 8th, 1862. Relief, R.S. Boston ‚Äö√Ñ√Æ Feb. 20, 1864; Harvest Moon ‚Äö√Ñ√Æ Mar. 5, 1864; Dis. Nov. 28, 1865 ‚Äö√Ñ√Æ R.S. Phila.",State-only location is approximate and may reflect regiment origin rather than exact enlistment place.,,
265,John Wylee (Wyhie),Navy,Union,5,service_station,"March 5, 1864",U.S.S. Harvest Moon,Boston Navy Yard,approximate,regiment_state + important_notes,"""Swarthy Complexion."" Enlisted March 8th, 1862. Relief, R.S. Boston ‚Äö√Ñ√Æ Feb. 20, 1864; Harvest Moon ‚Äö√Ñ√Æ Mar. 5, 1864; Dis. Nov. 28, 1865 ‚Äö√Ñ√Æ R.S. Phila.",State-only location is approximate and may reflect regiment origin rather than exact enlistment place.,,
266,John Wylee (Wyhie),Navy,Union,6,service_station,"November 28, 1865",R.S. Philadelphia,Philadelphia,approximate,regiment_state + important_notes,"""Swarthy Complexion."" Enlisted March 8th, 1862. Relief, R.S. Boston ‚Äö√Ñ√Æ Feb. 20, 1864; Harvest Moon ‚Äö√Ñ√Æ Mar. 5, 1864; Dis. Nov. 28, 1865 ‚Äö√Ñ√Æ R.S. Phila.",State-only location is approximate and may reflect regiment origin rather than exact enlistment place.,,